date,meal_time,corner,main,sides,menus,kcal,source
2024-12-30,중식,한식A,닭감자조림,미역국|간장떡볶이|참나물오리엔탈무침|쌀밥|배추김치,닭감자조림|미역국|간장떡볶이|참나물오리엔탈무침|쌀밥|배추김치,1207,records_2024-12-30.json
2024-12-30,중식,한식B,호박고추장찌개,언양식떡갈비*부추무침|모듬컬리초회*초장|연근땅콩조림|쌀밥|깍두기,호박고추장찌개|언양식떡갈비*부추무침|모듬컬리초회*초장|연근땅콩조림|쌀밥|깍두기,1027,records_2024-12-30.json
2024-12-30,중식,팝업A,호박고추장찌개,언양식떡갈비*부추무침|모듬컬리초회*초장|연근땅콩조림|쌀밥|깍두기,호박고추장찌개|언양식떡갈비*부추무침|모듬컬리초회*초장|연근땅콩조림|쌀밥|깍두기,1027,records_2024-12-30.json
2024-12-30,중식,팝업B,짜장면,고추잡채&꽃빵|계란국|얼려먹는짜요짜요|반달단무지,짜장면|고추잡채&꽃빵|계란국|얼려먹는짜요짜요|반달단무지,1209,records_2024-12-30.json
2024-12-30,중식,양식,스프카레&치킨스테이크,연두부흑임자샐러드|감자고로케|치즈강황밥|양배추피클,스프카레&치킨스테이크|연두부흑임자샐러드|감자고로케|치즈강황밥|양배추피클,1274,records_2024-12-30.json
2024-12-30,중식,샐러드바,그린샐러드&2종드레싱,,그린샐러드&2종드레싱|알새우칩&스위트콘|둥글레차|현미밥/나트륨줄인배추김치,1274,records_2024-12-30.json
2024-12-30,중식,샐러드,머쉬룸하베스트샐러드,,머쉬룸하베스트샐러드,576,records_2024-12-30.json
2024-12-30,중식,비건,순두부인헬&호밀빵,,순두부인헬&호밀빵,563,records_2024-12-30.json
2024-12-30,중식,버거&델리,불고기랩,,불고기랩,671,records_2024-12-30.json
2024-12-30,중식,라이스&누들,매콤마계소바,,매콤마계소바,767,records_2024-12-30.json
2024-12-30,석식,한식B,파채제육고추장볶음,시래기국|맛살브로콜리볶음|모듬쌈쌈장|쌀밥|깍두기,파채제육고추장볶음|시래기국|맛살브로콜리볶음|모듬쌈쌈장|쌀밥|깍두기,951,records_2024-12-30.json
2024-12-30,석식,샐러드바,그린샐러드&2종드레싱,,그린샐러드&2종드레싱|자몽주스|현미밥/나트륨줄인배추김치,951,records_2024-12-30.json
2024-12-30,석식,샐러드,머쉬룸하베스트샐러드,,머쉬룸하베스트샐러드,576,records_2024-12-30.json
2024-12-30,석식,버거&델리,불고기랩,,불고기랩,671,records_2024-12-30.json
2024-12-31,중식,한식A,쇠고기콩나물밥*양념장,바지락순두부찌개|곰돌이돈까스*데미S|춘생이도시락김|진미채볶음|배추김치,쇠고기콩나물밥*양념장|바지락순두부찌개|곰돌이돈까스*데미S|춘생이도시락김|진미채볶음|배추김치,896,records_2024-12-30.json
2024-12-31,중식,한식B,나주곰탕,숯불향닭갈비|스모크햄전*케찹|백목이겨자채|쌀밥|섞박지,나주곰탕|숯불향닭갈비|스모크햄전*케찹|백목이겨자채|쌀밥|섞박지,927,records_2024-12-30.json
2024-12-31,중식,팝업A,나주곰탕,숯불향닭갈비|스모크햄전*케찹|백목이겨자채|쌀밥|섞박지,나주곰탕|숯불향닭갈비|스모크햄전*케찹|백목이겨자채|쌀밥|섞박지,927,records_2024-12-30.json
2024-12-31,중식,팝업B,삼색야끼도리덮밥,새우볼꼬치&칠리소스|우동장국|궁채절임|배추김치,삼색야끼도리덮밥|새우볼꼬치&칠리소스|우동장국|궁채절임|배추김치,966,records_2024-12-30.json
2024-12-31,중식,양식,뚝배기해장파스타,고구마또띠아피자|콘스프|황도|야채피클,뚝배기해장파스타|고구마또띠아피자|콘스프|황도|야채피클,1281,records_2024-12-30.json
2024-12-31,중식,샐러드바,그린샐러드&2종드레싱,,그린샐러드&2종드레싱|후르트링&체다치즈|보리차|잡곡밥/나트륨줄인배추김치,1281,records_2024-12-30.json
2024-12-31,중식,샐러드,튜나스리라차포케,,튜나스리라차포케,724,records_2024-12-30.json
2024-12-31,중식,비건,리가토니소이크림파스타,,리가토니소이크림파스타,862,records_2024-12-30.json
2024-12-31,중식,버거&델리,통새우뚱샌드위치,,통새우뚱샌드위치,556,records_2024-12-30.json
2024-12-31,중식,라이스&누들,눈꽃치즈차돌깍두기볶음밥,,눈꽃치즈차돌깍두기볶음밥,690,records_2024-12-30.json
2024-12-31,석식,한식B,차돌짬뽕탕*당면사리,후르츠탕수육|양장피냉채|단무지무침|쌀밥|배추김치,차돌짬뽕탕*당면사리|후르츠탕수육|양장피냉채|단무지무침|쌀밥|배추김치,1288,records_2024-12-30.json
2024-12-31,석식,샐러드바,그린샐러드&2종드레싱,,그린샐러드&2종드레싱|청귤주스|잡곡밥/나트륨줄인배추김치,1288,records_2024-12-30.json
2024-12-31,석식,샐러드,튜나스리라차포케,,튜나스리라차포케,724,records_2024-12-30.json
2024-12-31,석식,버거&델리,통새우뚱샌드위치,,통새우뚱샌드위치,556,records_2024-12-30.json
2025-01-02,중식,한식A,항정살묵은지덮밥,미니우동|닭강정|꽃맛살샐러드|열무김치|미니붕어빵,항정살묵은지덮밥|미니우동|닭강정|꽃맛살샐러드|열무김치|미니붕어빵,1343,records_2024-12-30.json
2025-01-02,중식,한식B,양지만두떡국,돈갈비구이*치커리유자무침|매콤야채전|숙주나물|쌀밥|배추김치,양지만두떡국|돈갈비구이*치커리유자무침|매콤야채전|숙주나물|쌀밥|배추김치,1318,records_2024-12-30.json
2025-01-02,중식,팝업A,양지만두떡국,돈갈비구이*치커리유자무침|매콤야채전|숙주나물|쌀밥|배추김치,양지만두떡국|돈갈비구이*치커리유자무침|매콤야채전|숙주나물|쌀밥|배추김치,1318,records_2024-12-30.json
2025-01-02,중식,팝업B,수제남산왕돈까스,양송이스프|메이플피칸파이|황도|피클&스틱단무지,수제남산왕돈까스|양송이스프|메이플피칸파이|황도|피클&스틱단무지,1486,records_2024-12-30.json
2025-01-02,중식,양식,수제남산왕돈까스,양송이스프|메이플피칸파이|황도|피클&스틱단무지,수제남산왕돈까스|양송이스프|메이플피칸파이|황도|피클&스틱단무지,1486,records_2024-12-30.json
2025-01-02,중식,샐러드바,그린샐러드&2종드레싱,,그린샐러드&2종드레싱|시리얼&쿠스쿠스|얼그레이차|잡곡밥/나트륨줄인배추김치,1486,records_2024-12-30.json
2025-01-02,중식,샐러드,불고기곤약면샐러드,,불고기곤약면샐러드,369,records_2024-12-30.json
2025-01-02,중식,비건,비건햄야채김밥&고구마맛탕,,비건햄야채김밥&고구마맛탕,1169,records_2024-12-30.json
2025-01-02,중식,버거&델리,김치햄김밥&과일치즈샐러드,,김치햄김밥&과일치즈샐러드,601,records_2024-12-30.json
2025-01-02,중식,라이스&누들,치킨마요덮밥,,치킨마요덮밥,1036,records_2024-12-30.json
2025-01-02,석식,한식B,콘치즈닭갈비,감자다시마국|단호박튀김|아삭이고추무침|쌀밥|열무김치,콘치즈닭갈비|감자다시마국|단호박튀김|아삭이고추무침|쌀밥|열무김치,1066,records_2024-12-30.json
2025-01-02,석식,샐러드바,그린샐러드&2종드레싱,,그린샐러드&2종드레싱|살구주스|잡곡밥/나트륨줄인배추김치,1066,records_2024-12-30.json
2025-01-02,석식,샐러드,불고기곤약면샐러드,,불고기곤약면샐러드,369,records_2024-12-30.json
2025-01-02,석식,버거&델리,김치햄김밥&과일치즈샐러드,,김치햄김밥&과일치즈샐러드,601,records_2024-12-30.json
2025-01-03,중식,한식A,제육오징어볶음,콩비지백탕|핫도그*케찹|2종나물|쌀밥*김가루|알타리김치,제육오징어볶음|콩비지백탕|핫도그*케찹|2종나물|쌀밥*김가루|알타리김치,1029,records_2024-12-30.json
2025-01-03,중식,한식B,바지락황태해장국,돈사태장조림|볼어묵야채볶음|마늘종무침|쌀밥|깍두기,바지락황태해장국|돈사태장조림|볼어묵야채볶음|마늘종무침|쌀밥|깍두기,1030,records_2024-12-30.json
2025-01-03,중식,팝업A,통마늘훈제오리볶음,크래미무쌈말이*겨자장|단호박영양밥|사과베리샐러드|저염된장국,통마늘훈제오리볶음|크래미무쌈말이*겨자장|단호박영양밥|사과베리샐러드|저염된장국,633,records_2024-12-30.json
2025-01-03,중식,팝업B,참치회덮밥,야채튀김|펭이장국|꿀토마토|락교&초생강,참치회덮밥|야채튀김|펭이장국|꿀토마토|락교&초생강,881,records_2024-12-30.json
2025-01-03,중식,양식,유부온쫄면,충무김밥*오징어무침|돈육깻잎튀김|마늘종무침|단무지,유부온쫄면|충무김밥*오징어무침|돈육깻잎튀김|마늘종무침|단무지,1129,records_2024-12-30.json
2025-01-03,중식,샐러드바,그린샐러드&2종드레싱,,그린샐러드&2종드레싱|바나나칩&키드니빈스|히비스커스티|현미밥/나트륨줄인배추김치,1129,records_2024-12-30.json
2025-01-03,중식,샐러드,새우오일파스타샐러드,,새우오일파스타샐러드,713,records_2024-12-30.json
2025-01-03,중식,비건,비건팔라펠오일파스타,,비건팔라펠오일파스타,516,records_2024-12-30.json
2025-01-03,중식,버거&델리,치킨또띠아랩,,치킨또띠아랩,498,records_2024-12-30.json
2025-01-03,중식,라이스&누들,해물짬뽕덮밥,,해물짬뽕덮밥,647,records_2024-12-30.json
2025-01-06,중식,한식A,오리주물럭,콩나물국|한식잡채|날치알깻잎무쌈*마요네즈|쌀밥|열무김치,오리주물럭|콩나물국|한식잡채|날치알깻잎무쌈*마요네즈|쌀밥|열무김치,1387,records_2025-01-06.json
2025-01-06,중식,한식B,부대찌개,계란말이|꽃맛살샐러드|김자반|쌀밥|깍두기,부대찌개|계란말이|꽃맛살샐러드|김자반|쌀밥|깍두기,1196,records_2025-01-06.json
2025-01-06,중식,팝업A,부대찌개,계란말이|꽃맛살샐러드|김자반|쌀밥|깍두기,부대찌개|계란말이|꽃맛살샐러드|김자반|쌀밥|깍두기,1196,records_2025-01-06.json
2025-01-06,중식,팝업B,돈코츠라멘,가라아게&양배추샐러드|멸추주먹밥|귤|락교&깍둑단무지,돈코츠라멘|가라아게&양배추샐러드|멸추주먹밥|귤|락교&깍둑단무지,1482,records_2025-01-06.json
2025-01-06,중식,양식,청양크림함박스테이크,파인애플볶음밥|우동장국|나쵸칩*살사|야채피클,청양크림함박스테이크|파인애플볶음밥|우동장국|나쵸칩*살사|야채피클,1284,records_2025-01-06.json
2025-01-06,중식,샐러드바,그린샐러드&2종드레싱,,그린샐러드&2종드레싱|크랜베리&병아리콩|결명자차|현미밥/나트륨줄인배추김치,1284,records_2025-01-06.json
2025-01-06,중식,샐러드,풀드포크포케,,풀드포크포케,530,records_2025-01-06.json
2025-01-06,중식,비건,썬드라이두부텐더김밥&컵과일,,썬드라이두부텐더김밥&컵과일,877,records_2025-01-06.json
2025-01-06,중식,버거&델리,참치김밥&컵과일,,참치김밥&컵과일,913,records_2025-01-06.json
2025-01-06,중식,라이스&누들,갑오징어미나리누들,,갑오징어미나리누들,384,records_2025-01-06.json
2025-01-06,석식,한식B,고추장삼겹살볶음,근대된장국|백순대볶음|도토리묵야채무침|쌀밥|배추김치,고추장삼겹살볶음|근대된장국|백순대볶음|도토리묵야채무침|쌀밥|배추김치,1348,records_2025-01-06.json
2025-01-06,석식,샐러드바,그린샐러드&2종드레싱,,그린샐러드&2종드레싱|망고주스|현미밥/나트륨줄인배추김치,1348,records_2025-01-06.json
2025-01-06,석식,샐러드,풀드포크포케,,풀드포크포케,530,records_2025-01-06.json
2025-01-06,석식,버거&델리,참치김밥&컵과일,,참치김밥&컵과일,913,records_2025-01-06.json
2025-01-07,중식,한식A,[플렉스테이블]한촌설렁탕,설렁탕|떡갈비|아삭이고추된장무침|쌀밥|석박지/황도,[플렉스테이블]한촌설렁탕|설렁탕|떡갈비|아삭이고추된장무침|쌀밥|석박지/황도,1273,records_2025-01-06.json
2025-01-07,중식,한식B,치즈순살닭갈비,미니동치미국수|한입피자카츠|콩나물파채무침|쌀밥|열무김치,치즈순살닭갈비|미니동치미국수|한입피자카츠|콩나물파채무침|쌀밥|열무김치,1259,records_2025-01-06.json
2025-01-07,중식,팝업A,치즈순살닭갈비,미니동치미국수|한입피자카츠|콩나물파채무침|쌀밥|열무김치,치즈순살닭갈비|미니동치미국수|한입피자카츠|콩나물파채무침|쌀밥|열무김치,1259,records_2025-01-06.json
2025-01-07,중식,팝업B,육개장칼국수,고기메밀전병|쌀밥|모둠컬리초회|섞박지,육개장칼국수|고기메밀전병|쌀밥|모둠컬리초회|섞박지,1068,records_2025-01-06.json
2025-01-07,중식,양식,회오리오므라이스,새우튀김&칠리S|미역미소장국|블루베리단호박범벅|피클&할라피뇨,회오리오므라이스|새우튀김&칠리S|미역미소장국|블루베리단호박범벅|피클&할라피뇨,1105,records_2025-01-06.json
2025-01-07,중식,샐러드바,그린샐러드&2종드레싱,,그린샐러드&2종드레싱|코코볼&키드니빈스|현미녹차|잡곡밥/나트륨줄인배추김치,1105,records_2025-01-06.json
2025-01-07,중식,샐러드,타볼레핫치킨샐러드,,타볼레핫치킨샐러드,838,records_2025-01-06.json
2025-01-07,중식,비건,들깨고사리파스타,,들깨고사리파스타,624,records_2025-01-06.json
2025-01-07,중식,버거&델리,닭가슴살소시지랩,,닭가슴살소시지랩,629,records_2025-01-06.json
2025-01-07,중식,라이스&누들,대만식마늘쫑볶음밥,,대만식마늘쫑볶음밥,690,records_2025-01-06.json
2025-01-07,석식,한식B,순살감자탕,오징어미나리무침|섭산적구이|상추치커리무침|쌀밥|깍두기,순살감자탕|오징어미나리무침|섭산적구이|상추치커리무침|쌀밥|깍두기,1194,records_2025-01-06.json
2025-01-07,석식,샐러드바,그린샐러드&2종드레싱,,그린샐러드&2종드레싱|레몬아이스티|잡곡밥/나트륨줄인배추김치,1194,records_2025-01-06.json
2025-01-07,석식,샐러드,타볼레핫치킨샐러드,,타볼레핫치킨샐러드,838,records_2025-01-06.json
2025-01-07,석식,버거&델리,닭가슴살소시지랩,,닭가슴살소시지랩,629,records_2025-01-06.json
2025-01-08,중식,한식A,해초문어솥밥*양념장,얼큰무채국|수제에그마요토스트|실곤약야채무침|돌나물유자무침|배추김치,해초문어솥밥*양념장|얼큰무채국|수제에그마요토스트|실곤약야채무침|돌나물유자무침|배추김치,1081,records_2025-01-06.json
2025-01-08,중식,한식B,얼큰김치수제비,바싹불고기*미나리무침|통살표고튀김|무말랭이무침|시래기밥*양념장|알타리김치,얼큰김치수제비|바싹불고기*미나리무침|통살표고튀김|무말랭이무침|시래기밥*양념장|알타리김치,976,records_2025-01-06.json
2025-01-08,중식,팝업A,치킨파히타,느타리보리리조또|순두부그라탕|감귤샐러드|청귤디톡스워터,치킨파히타|느타리보리리조또|순두부그라탕|감귤샐러드|청귤디톡스워터,658,records_2025-01-06.json
2025-01-08,중식,팝업B,크랩마파두부덮밥,유린치킨까스|계란국|땅콩조림|중국식오이무침,크랩마파두부덮밥|유린치킨까스|계란국|땅콩조림|중국식오이무침,1137,records_2025-01-06.json
2025-01-08,중식,양식,토마토라구파스타,콘소메치킨|크림스프크루통|양배추피클|탄산음료,토마토라구파스타|콘소메치킨|크림스프크루통|양배추피클|탄산음료,1096,records_2025-01-06.json
2025-01-08,중식,샐러드바,그린샐러드&2종드레싱,,그린샐러드&2종드레싱|크루통&올리브|옥수수수염차|현미밥/나트륨줄인배추김치,1096,records_2025-01-06.json
2025-01-08,중식,샐러드,훈제오리리코타펌킨샐러드,,훈제오리리코타펌킨샐러드,879,records_2025-01-06.json
2025-01-08,중식,비건,구운가지샐러드,,구운가지샐러드,365,records_2025-01-06.json
2025-01-08,중식,버거&델리,불고기샌드위치,,불고기샌드위치,622,records_2025-01-06.json
2025-01-08,중식,라이스&누들,데리야끼생선도시락,,데리야끼생선도시락,441,records_2025-01-06.json
2025-01-08,석식,한식B,홍합어묵탕*물떡꼬치,훈제오리구이*야채겨자무침|알감자엿장조림|연근흑임자무침|쌀밥|열무김치,홍합어묵탕*물떡꼬치|훈제오리구이*야채겨자무침|알감자엿장조림|연근흑임자무침|쌀밥|열무김치,1324,records_2025-01-06.json
2025-01-08,석식,샐러드바,그린샐러드&2종드레싱,,그린샐러드&2종드레싱|식혜|현미밥/나트륨줄인배추김치,1324,records_2025-01-06.json
2025-01-08,석식,샐러드,훈제오리리코타펌킨샐러드,,훈제오리리코타펌킨샐러드,879,records_2025-01-06.json
2025-01-08,석식,버거&델리,불고기샌드위치,,불고기샌드위치,622,records_2025-01-06.json
2025-01-09,중식,한식A,제육김치두루치기*온두부,조랭이떡국|수제오징어부추전|멸치견과류볶음|쌀밥|열무김치,제육김치두루치기*온두부|조랭이떡국|수제오징어부추전|멸치견과류볶음|쌀밥|열무김치,1196,records_2025-01-06.json
2025-01-09,중식,한식B,스끼야끼전골,김치손만두찜|가지깐풍|고들빼기무침|쌀밥|깍두기,스끼야끼전골|김치손만두찜|가지깐풍|고들빼기무침|쌀밥|깍두기,974,records_2025-01-06.json
2025-01-09,중식,팝업A,맥적구이,톳김밥*갈치속젓|알배기스테이크|메밀면샐러드|유부장국,맥적구이|톳김밥*갈치속젓|알배기스테이크|메밀면샐러드|유부장국,630,records_2025-01-06.json
2025-01-09,중식,팝업B,덴가스떡볶이,모둠튀김|참치컵밥|쥬시쿨|반달단무지,덴가스떡볶이|모둠튀김|참치컵밥|쥬시쿨|반달단무지,1409,records_2025-01-06.json
2025-01-09,중식,양식,꽃게마라크림짬뽕,우유튀김|김가루주먹밥|콘샐러드|단무지,꽃게마라크림짬뽕|우유튀김|김가루주먹밥|콘샐러드|단무지,1335,records_2025-01-06.json
2025-01-09,중식,샐러드바,그린샐러드&2종드레싱,,그린샐러드&2종드레싱|시리얼&스위트콘|작두콩차|잡곡밥/나트륨줄인배추김치,1335,records_2025-01-06.json
2025-01-09,중식,샐러드,차돌박이포케샐러드,,차돌박이포케샐러드,676,records_2025-01-06.json
2025-01-09,중식,비건,숯불직화두부면샐러드,,숯불직화두부면샐러드,446,records_2025-01-06.json
2025-01-09,중식,버거&델리,들깨버섯김밥&매콤닭강정,,들깨버섯김밥&매콤닭강정,873,records_2025-01-06.json
2025-01-09,중식,라이스&누들,매콤닭갈비덮밥,,매콤닭갈비덮밥,805,records_2025-01-06.json
2025-01-09,석식,한식B,날치알밥,생선까스*타르타르소스|콘샐러드|두부장국|락교*초생강|아이스홍시,날치알밥|생선까스*타르타르소스|콘샐러드|두부장국|락교*초생강|아이스홍시,1021,records_2025-01-06.json
2025-01-09,석식,샐러드바,그린샐러드&2종드레싱,,그린샐러드&2종드레싱|파인애플주스|잡곡밥/나트륨줄인배추김치,1021,records_2025-01-06.json
2025-01-09,석식,샐러드,차돌박이포케샐러드,,차돌박이포케샐러드,676,records_2025-01-06.json
2025-01-09,석식,버거&델리,들깨버섯김밥&매콤닭강정,,들깨버섯김밥&매콤닭강정,873,records_2025-01-06.json
2025-01-10,중식,한식A,뚝배기불고기,얼갈이국|소시지야채볶음|진미채볶음|곤드레밥*양념장|배추김치,뚝배기불고기|얼갈이국|소시지야채볶음|진미채볶음|곤드레밥*양념장|배추김치,1161,records_2025-01-06.json
2025-01-10,중식,한식B,돈내장수육국밥,녹두전|고추간장소스간무침|부추양파무침|쌀밥|섞박지,돈내장수육국밥|녹두전|고추간장소스간무침|부추양파무침|쌀밥|섞박지,1029,records_2025-01-06.json
2025-01-10,중식,팝업A,리코타치즈포두부라자냐,아보카도에그스프레드*바게트|허브닭살야채볶음|모듬베리샐러드*포도D|단호박스프,리코타치즈포두부라자냐|아보카도에그스프레드*바게트|허브닭살야채볶음|모듬베리샐러드*포도D|단호박스프,614,records_2025-01-06.json
2025-01-10,중식,팝업B,김치우동*유부주머니,숯불구이닭꼬치|깻잎튀김|미니주먹밥|꼬들단무지,김치우동*유부주머니|숯불구이닭꼬치|깻잎튀김|미니주먹밥|꼬들단무지,1011,records_2025-01-06.json
2025-01-10,중식,양식,치킨난반&후리가케밥,미니쫄면무침|팽이미소시루|바나나1/2|무비트피클,치킨난반&후리가케밥|미니쫄면무침|팽이미소시루|바나나1/2|무비트피클,1425,records_2025-01-06.json
2025-01-10,중식,샐러드바,그린샐러드&2종드레싱,,그린샐러드&2종드레싱|고구마스틱&완두콩|자스민차|현미밥/나트륨줄인배추김치,1425,records_2025-01-06.json
2025-01-10,중식,샐러드,매콤크림새우샐러드,,매콤크림새우샐러드,675,records_2025-01-06.json
2025-01-10,중식,비건,렌틸콩퀴노아샐러드,,렌틸콩퀴노아샐러드,614,records_2025-01-06.json
2025-01-10,중식,버거&델리,네슈빌블랙치킨버거&치즈스틱,,네슈빌블랙치킨버거&치즈스틱,972,records_2025-01-06.json
2025-01-10,중식,라이스&누들,교토쇠고기커리덮밥,,교토쇠고기커리덮밥,817,records_2025-01-06.json
2025-01-13,중식,한식A,통마늘간장제육불고기,김치콩나물국|두부조림|상추양배추쌈쌈장|쌀밥|알타리김치,통마늘간장제육불고기|김치콩나물국|두부조림|상추양배추쌈쌈장|쌀밥|알타리김치,959,records_2025-01-13.json
2025-01-13,중식,한식B,바지락된장찌개,훈제오리*치커리유자무침|계란장조림|연근호두조림|옥수수밥|깍두기,바지락된장찌개|훈제오리*치커리유자무침|계란장조림|연근호두조림|옥수수밥|깍두기,881,records_2025-01-13.json
2025-01-13,중식,팝업A,바지락된장찌개,훈제오리*치커리유자무침|계란장조림|연근호두조림|옥수수밥|깍두기,바지락된장찌개|훈제오리*치커리유자무침|계란장조림|연근호두조림|옥수수밥|깍두기,881,records_2025-01-13.json
2025-01-13,중식,팝업B,매콤들깨비빔막국수,미니보쌈&무말랭이|단호박팥찜|사골국|열무김치,매콤들깨비빔막국수|미니보쌈&무말랭이|단호박팥찜|사골국|열무김치,823,records_2025-01-13.json
2025-01-13,중식,양식,불고기필라프&계란후라이,바베큐폭립|감자튀김*케찹|콘스프|무비트피클,불고기필라프&계란후라이|바베큐폭립|감자튀김*케찹|콘스프|무비트피클,1069,records_2025-01-13.json
2025-01-13,중식,샐러드바,그린샐러드&2종드레싱,,그린샐러드&2종드레싱|알새우칩&체다치즈|보리차|현미밥/나트륨줄인배추김치,1069,records_2025-01-13.json
2025-01-13,중식,샐러드,베이컨로뗄레파스타샐러드,,베이컨로뗄레파스타샐러드,619,records_2025-01-13.json
2025-01-13,중식,비건,비건톳야채김밥(오이)&야채튀김,,비건톳야채김밥(오이)&야채튀김,869,records_2025-01-13.json
2025-01-13,중식,버거&델리,치즈김밥(오이)&유린기샐러드,,치즈김밥(오이)&유린기샐러드,782,records_2025-01-13.json
2025-01-13,중식,라이스&누들,오징어미나리덮밥,,오징어미나리덮밥,685,records_2025-01-13.json
2025-01-13,석식,한식B,갈비탕,해물동그랑땡전|도라지볶음|오징어젓갈무침|쌀밥|깍두기,갈비탕|해물동그랑땡전|도라지볶음|오징어젓갈무침|쌀밥|깍두기,1058,records_2025-01-13.json
2025-01-13,석식,샐러드바,그린샐러드&2종드레싱,,그린샐러드&2종드레싱|자몽주스|현미밥/나트륨줄인배추김치,1058,records_2025-01-13.json
2025-01-13,석식,샐러드,베이컨로펠레파스타샐러드,,베이컨로펠레파스타샐러드,619,records_2025-01-13.json
2025-01-13,석식,버거&델리,치즈김밥(오이)&유린기샐러드,,치즈김밥(오이)&유린기샐러드,782,records_2025-01-13.json
2025-01-14,중식,한식A,모듬버섯쇠고기솥밥,미역국|납작만두*오징어무침|카레감자채볶음|브로콜리참깨무침|배추김치,모듬버섯쇠고기솥밥|미역국|납작만두*오징어무침|카레감자채볶음|브로콜리참깨무침|배추김치,1097,records_2025-01-13.json
2025-01-14,중식,한식B,차돌순두부찌개,떡갈비구이*버섯볶음|매콤떡볶이|명엽채볶음|쌀밥|깍두기,차돌순두부찌개|떡갈비구이*버섯볶음|매콤떡볶이|명엽채볶음|쌀밥|깍두기,1073,records_2025-01-13.json
2025-01-14,중식,팝업A,차돌순두부찌개,떡갈비구이*버섯볶음|매콤떡볶이|명엽채볶음|쌀밥|깍두기,차돌순두부찌개|떡갈비구이*버섯볶음|매콤떡볶이|명엽채볶음|쌀밥|깍두기,1073,records_2025-01-13.json
2025-01-14,중식,팝업B,창잉터우(돼지고기마늘쫑덮밥)&계란후라이,코코넛새우튀김*칠리소스|베이비슈|탕파국|깍두기,창잉터우(돼지고기마늘쫑덮밥)&계란후라이|코코넛새우튀김*칠리소스|베이비슈|탕파국|깍두기,899,records_2025-01-13.json
2025-01-14,중식,양식,고사리오일파스타,치킨텐더랩|토마토스튜|고구마범벅|피클&할라피뇨,고사리오일파스타|치킨텐더랩|토마토스튜|고구마범벅|피클&할라피뇨,1308,records_2025-01-13.json
2025-01-14,중식,샐러드바,그린샐러드&2종드레싱,,그린샐러드&2종드레싱|후르트링&스위트콘|얼그레이차|잡곡밥/나트륨줄인배추김치,1308,records_2025-01-13.json
2025-01-14,중식,샐러드,치킨스테이크카펠리니샐러드(오이),,치킨스테이크카펠리니샐러드(오이),770,records_2025-01-13.json
2025-01-14,중식,비건,순두부커리라이스,,순두부커리라이스,712,records_2025-01-13.json
2025-01-14,중식,버거&델리,훈제닭다리살랩,,훈제닭다리살랩,469,records_2025-01-13.json
2025-01-14,중식,라이스&누들,트러플가자미머쉬룸덮밥,,트러플가자미머쉬룸덮밥,397,records_2025-01-13.json
2025-01-14,석식,한식B,짜장소스*야채볶음밥*계란후라이,짬뽕국|콩가루탕수육|해파리맛살냉채|단무지|배추김치,짜장소스*야채볶음밥*계란후라이|짬뽕국|콩가루탕수육|해파리맛살냉채|단무지|배추김치,1158,records_2025-01-13.json
2025-01-14,석식,샐러드바,그린샐러드&2종드레싱,,그린샐러드&2종드레싱|청포도주스|잡곡밥/나트륨줄인배추김치,1158,records_2025-01-13.json
2025-01-14,석식,샐러드,치킨스테이크카펠리니샐러드,,치킨스테이크카펠리니샐러드,770,records_2025-01-13.json
2025-01-14,석식,버거&델리,훈제닭다리살랩,,훈제닭다리살랩,469,records_2025-01-13.json
2025-01-15,중식,한식A,주꾸미생야채비빔밥,청국장찌개|오리엔탈파닭|파래김구이|봄동시저소스무침|열무김치,주꾸미생야채비빔밥|청국장찌개|오리엔탈파닭|파래김구이|봄동시저소스무침|열무김치,868,records_2025-01-13.json
2025-01-15,중식,한식B,말죽거리쇠고기국밥,코다리강정*양념치킨S|계란두부전*양념장|깻잎지무침|쌀밥|배추김치,말죽거리쇠고기국밥|코다리강정*양념치킨S|계란두부전*양념장|깻잎지무침|쌀밥|배추김치,1098,records_2025-01-13.json
2025-01-15,중식,팝업A,일식닭구이,감태주먹밥*명란마요|청경채달걀볶음|파인애플샐러드|유부장국,일식닭구이|감태주먹밥*명란마요|청경채달걀볶음|파인애플샐러드|유부장국,521,records_2025-01-13.json
2025-01-15,중식,팝업B,바지락칼국수,왕만두찜|미니보리비빔밥|양념고추지|배추겉절이,바지락칼국수|왕만두찜|미니보리비빔밥|양념고추지|배추겉절이,987,records_2025-01-13.json
2025-01-15,중식,양식,푸팟퐁커리,멘치까스|얌운센|우동국물|양배추피클,푸팟퐁커리|멘치까스|얌운센|우동국물|양배추피클,1108,records_2025-01-13.json
2025-01-15,중식,샐러드바,그린샐러드&2종드레싱,,그린샐러드&2종드레싱|아몬드&올리브|둥글레차|현미밥/나트륨줄인배추김치,1108,records_2025-01-13.json
2025-01-15,중식,샐러드,로스트비프샐러드,,로스트비프샐러드,449,records_2025-01-13.json
2025-01-15,중식,비건,비건마파두부덮밥,,비건마파두부덮밥,748,records_2025-01-13.json
2025-01-15,중식,버거&델리,치킨뚱샌드위치,,치킨뚱샌드위치,756,records_2025-01-13.json
2025-01-15,중식,라이스&누들,베이컨에그누들볶음면,,베이컨에그누들볶음면,592,records_2025-01-13.json
2025-01-15,석식,한식B,안동찜닭*납작당면,부추재첩국|부들어묵볶음|궁채나물|쌀밥|열무김치,안동찜닭*납작당면|부추재첩국|부들어묵볶음|궁채나물|쌀밥|열무김치,1088,records_2025-01-13.json
2025-01-15,석식,샐러드바,그린샐러드&2종드레싱,,그린샐러드&2종드레싱|라임주스|현미밥/나트륨줄인배추김치,1088,records_2025-01-13.json
2025-01-15,석식,샐러드,로스트비프샐러드,,로스트비프샐러드,449,records_2025-01-13.json
2025-01-15,석식,버거&델리,치킨샌드위치,,치킨샌드위치,756,records_2025-01-13.json
2025-01-16,중식,한식A,닭살김치찜*불맛숙주,근대국|야채튀김|참나물무침|쌀밥|알타리김치,닭살김치찜*불맛숙주|근대국|야채튀김|참나물무침|쌀밥|알타리김치,978,records_2025-01-13.json
2025-01-16,중식,한식B,콩나물국밥*수란,시래기제육볶음|모듬햄볶음|도시락김|쌀밥|깍두기,콩나물국밥*수란|시래기제육볶음|모듬햄볶음|도시락김|쌀밥|깍두기,741,records_2025-01-13.json
2025-01-16,중식,팝업A,두부보쌈,연잎곤드레밥|곤약우동비빔면|리코타샐러드|들깨무채국,두부보쌈|연잎곤드레밥|곤약우동비빔면|리코타샐러드|들깨무채국,510,records_2025-01-13.json
2025-01-16,중식,팝업B,우삼겹와사비마요덮밥,고로케*케찹|미니새송이초무침|미역장국|깍두기,우삼겹와사비마요덮밥|고로케*케찹|미니새송이초무침|미역장국|깍두기,915,records_2025-01-13.json
2025-01-16,중식,양식,베트남쌀국수&2종소스,야채&고구마를|계란볶음밥|양파절이|리치&람부탄,베트남쌀국수&2종소스|야채&고구마를|계란볶음밥|양파절이|리치&람부탄,945,records_2025-01-13.json
2025-01-16,중식,샐러드바,그린샐러드&2종드레싱,,그린샐러드&2종드레싱|시리얼&병아리콩|현미녹차|잡곡밥/나트륨줄인배추김치,945,records_2025-01-13.json
2025-01-16,중식,샐러드,구아카몰쉬림프샐러드,,구아카몰쉬림프샐러드,598,records_2025-01-13.json
2025-01-16,중식,비건,비건참치두부면샐러드,,비건참치두부면샐러드,351,records_2025-01-13.json
2025-01-16,중식,버거&델리,풀드포크버거&오지치즈프라이,,풀드포크버거&오지치즈프라이,937,records_2025-01-13.json
2025-01-16,중식,라이스&누들,그릴드치킨스테이크,,그릴드치킨스테이크,619,records_2025-01-13.json
2025-01-16,석식,한식B,돼지국밥*소면사리,야채순대찜*부추무침|매콤야채전|오이양파무침|쌀밥|깍두기,돼지국밥*소면사리|야채순대찜*부추무침|매콤야채전|오이양파무침|쌀밥|깍두기,1046,records_2025-01-13.json
2025-01-16,석식,샐러드바,그린샐러드&2종드레싱,,그린샐러드&2종드레싱|복숭아주스|잡곡밥/나트륨줄인배추김치,1046,records_2025-01-13.json
2025-01-16,석식,샐러드,구아카몰쉬림프샐러드,,구아카몰쉬림프샐러드,598,records_2025-01-13.json
2025-01-16,석식,버거&델리,풀드포크버거&오지치즈프라이,,풀드포크버거&오지치즈프라이,937,records_2025-01-13.json
2025-01-17,중식,한식A,버터플라이볼락구이,얼큰쇠고기무국|부추계란찜|건새우마늘쫑볶음|시래기무밥양념장|배추김치,버터플라이볼락구이|얼큰쇠고기무국|부추계란찜|건새우마늘쫑볶음|시래기무밥양념장|배추김치,850,records_2025-01-13.json
2025-01-17,중식,한식B,대파닭개장,치즈감자전|골뱅이무침|고구마순들깨볶음|쌀밥|섞박지,대파닭개장|치즈감자전|골뱅이무침|고구마순들깨볶음|쌀밥|섞박지,909,records_2025-01-13.json
2025-01-17,중식,팝업A,포크머쉬룸구이,낫또아보카도덮밥*후라이|모듬컬리감자범벅|그래놀라베리샐러드|저염배추국,포크머쉬룸구이|낫또아보카도덮밥*후라이|모듬컬리감자범벅|그래놀라베리샐러드|저염배추국,788,records_2025-01-13.json
2025-01-17,중식,팝업B,고기짬뽕,새우까스*크리미어니언|미니쌀밥|열대과일|단무지,고기짬뽕|새우까스*크리미어니언|미니쌀밥|열대과일|단무지,1144,records_2025-01-13.json
2025-01-17,중식,양식,모듬텐동,양념꼬치어묵|팽이장국|푸실리샐러드|학교&초생강,모듬텐동|양념꼬치어묵|팽이장국|푸실리샐러드|학교&초생강,1058,records_2025-01-13.json
2025-01-17,중식,샐러드바,그린샐러드&2종드레싱,,그린샐러드&2종드레싱|크루통&완두콩|루이보스티|현미밥/나트륨줄인배추김치,1058,records_2025-01-13.json
2025-01-17,중식,샐러드,스파이시치킨아보카도샐러드,,스파이시치킨아보카도샐러드,678,records_2025-01-13.json
2025-01-17,중식,비건,비건햄야채김밥(오이)&갈릭표고강정,,비건햄야채김밥(오이)&갈릭표고강정,850,records_2025-01-13.json
2025-01-17,중식,버거&델리,매콤어묵김밥&갈릭닭강정,,매콤어묵김밥&갈릭닭강정,904,records_2025-01-13.json
2025-01-17,중식,라이스&누들,눈꽃치즈차돌깍두기볶음밥,,눈꽃치즈차돌깍두기볶음밥,690,records_2025-01-13.json
2025-01-20,중식,한식A,날치알꼬막비빔밥,사골북어국|핫도그*케찹|명엽채볶음|파래김구이|배추김치,날치알꼬막비빔밥|사골북어국|핫도그*케찹|명엽채볶음|파래김구이|배추김치,940,records_2025-01-20.json
2025-01-20,중식,한식B,콩비지찌개,숯불닭구이*파채무침|순살햄전*케찹|숙주나물|쌀밥|열무김치,콩비지찌개|숯불닭구이*파채무침|순살햄전*케찹|숙주나물|쌀밥|열무김치,924,records_2025-01-20.json
2025-01-20,중식,팝업A,콩비지찌개,숯불닭구이*파채무침|순살햄전*케찹|숙주나물|쌀밥|열무김치,콩비지찌개|숯불닭구이*파채무침|순살햄전*케찹|숙주나물|쌀밥|열무김치,924,records_2025-01-20.json
2025-01-20,중식,팝업B,트러플카레,옥수수고로케*케찹|시금치무침|감자달걀국|배추김치,트러플카레|옥수수고로케*케찹|시금치무침|감자달걀국|배추김치,1208,records_2025-01-20.json
2025-01-20,중식,양식,쉬림프팟타이,해물핫바|마늘볶음밥|쌀국수국물|락교&깍둑단무지,쉬림프팟타이|해물핫바|마늘볶음밥|쌀국수국물|락교&깍둑단무지,1267,records_2025-01-20.json
2025-01-20,중식,샐러드바,그린샐러드&2종드레싱,,그린샐러드&2종드레싱|올리브&크루통|매실차|현미밥/나트륨줄인배추김치,1267,records_2025-01-20.json
2025-01-20,중식,샐러드,불고기포케샐러드,,불고기포케샐러드,632,records_2025-01-20.json
2025-01-20,중식,비건,포두부비건라자냐,,포두부비건라자냐,382,records_2025-01-20.json
2025-01-20,중식,버거&델리,매콤참치샌드위치,,매콤참치샌드위치,590,records_2025-01-20.json
2025-01-20,중식,라이스&누들,오리엔탈미나리삼겹파스타,,오리엔탈미나리삼겹파스타,740,records_2025-01-20.json
2025-01-20,석식,한식B,치킨마요덮밥,청양풍볶음우동|얼큰콩나물국|고구마범벅|베추김치|청포도푸딩,치킨마요덮밥|청양풍볶음우동|얼큰콩나물국|고구마범벅|베추김치|청포도푸딩,1238,records_2025-01-20.json
2025-01-20,석식,샐러드바,그린샐러드&2종드레싱,,그린샐러드&2종드레싱|살구주스|현미밥/나트륨줄인배추김치,1238,records_2025-01-20.json
2025-01-20,석식,샐러드,불고기포케샐러드,,불고기포케샐러드,632,records_2025-01-20.json
2025-01-20,석식,버거&델리,매콤참치샌드위치,,매콤참치샌드위치,590,records_2025-01-20.json
2025-01-21,중식,한식A,[우렁강된장제육쌈밥]제육고추장불고기,우렁강된장소스|모듬쌈채소|무생채|쌀밥|배추김치,[우렁강된장제육쌈밥]제육고추장불고기|우렁강된장소스|모듬쌈채소|무생채|쌀밥|배추김치,996,records_2025-01-20.json
2025-01-21,중식,한식B,참치두부짜글이,너비아니조림|잡채|진미채볶음|쌀밥*김가루|깍두기,참치두부짜글이|너비아니조림|잡채|진미채볶음|쌀밥*김가루|깍두기,1003,records_2025-01-20.json
2025-01-21,중식,팝업A,참치두부짜글이,너비아니조림|잡채|진미채볶음|쌀밥*김가루|깍두기,참치두부짜글이|너비아니조림|잡채|진미채볶음|쌀밥*김가루|깍두기,1003,records_2025-01-20.json
2025-01-21,중식,팝업B,유슬짜장면,유린기|얼큰짬뽕국|양파&춘장|단무지,유슬짜장면|유린기|얼큰짬뽕국|양파&춘장|단무지,1273,records_2025-01-20.json
2025-01-21,중식,양식,로제리조또&함박스테이크,케이준감자튀김|만다린샐러드|피클&할라피뇨|탄산음료,로제리조또&함박스테이크|케이준감자튀김|만다린샐러드|피클&할라피뇨|탄산음료,1135,records_2025-01-20.json
2025-01-21,중식,샐러드바,그린샐러드&2종드레싱,,그린샐러드&2종드레싱|코코볼&스위트콘|옥수수수염차|잡곡밥/나트륨줄인배추김치,1135,records_2025-01-20.json
2025-01-21,중식,샐러드,수비드치킨샐러드,,수비드치킨샐러드,505,records_2025-01-20.json
2025-01-21,중식,비건,꼬시래기김밥&표고두부강정,,꼬시래기김밥&표고두부강정,1068,records_2025-01-20.json
2025-01-21,중식,버거&델리,손수야채김밥&누룽지닭강정,,손수야채김밥&누룽지닭강정,1114,records_2025-01-20.json
2025-01-21,중식,라이스&누들,돼지불백도시락,,돼지불백도시락,904,records_2025-01-20.json
2025-01-21,석식,한식B,양지미역국,고등어구이|비엔나야채볶음|아삭이고추무침|쌀밥|열무김치,양지미역국|고등어구이|비엔나야채볶음|아삭이고추무침|쌀밥|열무김치,1036,records_2025-01-20.json
2025-01-21,석식,샐러드바,그린샐러드&2종드레싱,,그린샐러드&2종드레싱|망고주스|잡곡밥/나트륨줄인배추김치,1036,records_2025-01-20.json
2025-01-21,석식,샐러드,수비드치킨샐러드,,수비드치킨샐러드,505,records_2025-01-20.json
2025-01-21,석식,버거&델리,손수야채김밥&누룽지닭강정,,손수야채김밥&누룽지닭강정,1114,records_2025-01-20.json
2025-01-22,중식,한식A,오색나물비빔밥*계란후라이,건새우시금치국|쇠고기야채볶음|쑥갓두부무침|열무김치|귤,오색나물비빔밥*계란후라이|건새우시금치국|쇠고기야채볶음|쑥갓두부무침|열무김치|귤,1032,records_2025-01-20.json
2025-01-22,중식,한식B,한방도가니탕,수제오징어김치전|햄마늘종볶음|고추양파절이|쌀밥|섞박지,한방도가니탕|수제오징어김치전|햄마늘종볶음|고추양파절이|쌀밥|섞박지,1166,records_2025-01-20.json
2025-01-22,중식,팝업A,블랙타이거새우오일파스타,구운버섯브루스케타|두부스테이크|망고유자샐러드|크림스프,블랙타이거새우오일파스타|구운버섯브루스케타|두부스테이크|망고유자샐러드|크림스프,634,records_2025-01-20.json
2025-01-22,중식,팝업B,장조림버터비빔밥,쌀떡꼬치|미역장국|오이지무침|배추김치,장조림버터비빔밥|쌀떡꼬치|미역장국|오이지무침|배추김치,1091,records_2025-01-20.json
2025-01-22,중식,양식,에그인헬(2개)&리가토니,미니야채볶음밥|바게트|봄동시저샐러드|양배추피클,에그인헬(2개)&리가토니|미니야채볶음밥|바게트|봄동시저샐러드|양배추피클,968,records_2025-01-20.json
2025-01-22,중식,샐러드바,그린샐러드&2종드레싱,,그린샐러드&2종드레싱|병아리콩&고구마스틱|작두콩차|현미밥/나트륨줄인배추김치,968,records_2025-01-20.json
2025-01-22,중식,샐러드,멕시칸쉬림프브리또볼,,멕시칸쉬림프브리또볼,680,records_2025-01-20.json
2025-01-22,중식,비건,단호박크림파스타,,단호박크림파스타,899,records_2025-01-20.json
2025-01-22,중식,버거&델리,미트칠리핫도그,,미트칠리핫도그,611,records_2025-01-20.json
2025-01-22,중식,라이스&누들,숯불바베큐치밥,,숯불바베큐치밥,1013,records_2025-01-20.json
2025-01-22,석식,한식B,사골왕만두떡국,매운돈사태장조림|치킨너겟강정|무말랭이무침|쌀밥|배추김치,사골왕만두떡국|매운돈사태장조림|치킨너겟강정|무말랭이무침|쌀밥|배추김치,1116,records_2025-01-20.json
2025-01-22,석식,샐러드바,그린샐러드&2종드레싱,,그린샐러드&2종드레싱|식혜|현미밥/나트륨줄인배추김치,1116,records_2025-01-20.json
2025-01-22,석식,샐러드,멕시칸쉬림프브리또볼,,멕시칸쉬림프브리또볼,680,records_2025-01-20.json
2025-01-22,석식,버거&델리,미트칠리핫도그,,미트칠리핫도그,611,records_2025-01-20.json
2025-01-23,중식,한식A,오삼불고기,들깨수제비국|스크램블에그|콩나물파채무침|쌀밥|배추김치,오삼불고기|들깨수제비국|스크램블에그|콩나물파채무침|쌀밥|배추김치,1097,records_2025-01-20.json
2025-01-23,중식,한식B,닭다리칼국수,메밀전병|바지락초무침|고사리나물|쌀밥|열무김치,닭다리칼국수|메밀전병|바지락초무침|고사리나물|쌀밥|열무김치,1192,records_2025-01-20.json
2025-01-23,중식,팝업A,떡갈비구이&컬리마늘볶음,양배추참치덮밥+후라이|단호박견과류찜|곤약샐러드|콩나물국,떡갈비구이&컬리마늘볶음|양배추참치덮밥+후라이|단호박견과류찜|곤약샐러드|콩나물국,507,records_2025-01-20.json
2025-01-23,중식,팝업B,마제소바*다시마식초,타코야끼|베이컨감자샐러드&크래커|미니쌀밥|락교&깍둑단무지,마제소바*다시마식초|타코야끼|베이컨감자샐러드&크래커|미니쌀밥|락교&깍둑단무지,1128,records_2025-01-20.json
2025-01-23,중식,양식,가라아게동,짬뽕만두|꽃맛살샐러드|유부장국|락교&초생강,가라아게동|짬뽕만두|꽃맛살샐러드|유부장국|락교&초생강,1168,records_2025-01-20.json
2025-01-23,중식,샐러드바,그린샐러드&2종드레싱,,그린샐러드&2종드레싱|시리얼&쿠스쿠스|히비스커스티|잡곡밥/나트륨줄인배추김치,1168,records_2025-01-20.json
2025-01-23,중식,샐러드,허니퀴노아그릴드치킨샐러드,,허니퀴노아그릴드치킨샐러드,536,records_2025-01-20.json
2025-01-23,중식,비건,두부조림김밥*컵과일,,두부조림김밥*컵과일,906,records_2025-01-20.json
2025-01-23,중식,버거&델리,묵은지참치김밥*컵과일,,묵은지참치김밥*컵과일,961,records_2025-01-20.json
2025-01-23,중식,라이스&누들,불고기필라프,,불고기필라프,722,records_2025-01-20.json
2025-01-23,석식,한식B,청양풍제육볶음,온도토리묵국|잡채어묵조림|모듬상추쌈쌈장|쌀밥|배추김치,청양풍제육볶음|온도토리묵국|잡채어묵조림|모듬상추쌈쌈장|쌀밥|배추김치,1197,records_2025-01-20.json
2025-01-23,석식,샐러드바,그린샐러드&2종드레싱,,그린샐러드&2종드레싱|아이스티|잡곡밥/나트륨줄인배추김치,1197,records_2025-01-20.json
2025-01-23,석식,샐러드,허니퀴노아그릴드치킨샐러드,,허니퀴노아그릴드치킨샐러드,536,records_2025-01-20.json
2025-01-23,석식,버거&델리,묵은지참치김밥*컵과일,,묵은지참치김밥*컵과일,961,records_2025-01-20.json
2025-01-24,중식,한식A,닭보쌈구이*파채무침,홍합무국|들기름막국수|깻잎무쌈|쌀밥|알타리김치,닭보쌈구이*파채무침|홍합무국|들기름막국수|깻잎무쌈|쌀밥|알타리김치,1055,records_2025-01-20.json
2025-01-24,중식,한식B,동태알탕,찢은돈육장조림|동그랑땡케찹|고들빼기무침|쌀밥|알타리김치,동태알탕|찢은돈육장조림|동그랑땡케찹|고들빼기무침|쌀밥|알타리김치,984,records_2025-01-20.json
2025-01-24,중식,팝업A,시금치치킨구이,수제비크림뇨끼|토마토프리타타|사과베리샐러드|유부장국,시금치치킨구이|수제비크림뇨끼|토마토프리타타|사과베리샐러드|유부장국,571,records_2025-01-20.json
2025-01-24,중식,팝업B,중화제육덮밥,점보야채춘권&칠리소스|글레이즈미니와플|팽이장국|꼬들단무지,중화제육덮밥|점보야채춘권&칠리소스|글레이즈미니와플|팽이장국|꼬들단무지,1088,records_2025-01-20.json
2025-01-24,중식,양식,마라탕면,목화솜탕수육|김가루주먹밥|황도|단무지,마라탕면|목화솜탕수육|김가루주먹밥|황도|단무지,1461,records_2025-01-20.json
2025-01-24,중식,샐러드바,그린샐러드&2종드레싱,,그린샐러드&2종드레싱|바나나칩&키드니빈스|자스민차|현미밥/나트륨줄인배추김치,1461,records_2025-01-20.json
2025-01-24,중식,샐러드,프로틴포크볼,,프로틴포크볼,712,records_2025-01-20.json
2025-01-24,중식,비건,비건카츠토마토카레덮밥,,비건카츠토마토카레덮밥,837,records_2025-01-20.json
2025-01-24,중식,버거&델리,베이컨에그랩,,베이컨에그랩,715,records_2025-01-20.json
2025-01-24,중식,라이스&누들,두부면팟타이,,두부면팟타이,398,records_2025-01-20.json
2025-02-03,중식,한식A,콘치즈닭갈비,감자다시마국|바베큐소시지볶음|곱창김구이|쌀밥|배추김치,콘치즈닭갈비|감자다시마국|바베큐소시지볶음|곱창김구이|쌀밥|배추김치,1134,records_2025-02-03.json
2025-02-03,중식,한식B,백설곰탕,매콤들깨순대볶음|고추튀김|오징어젓갈무침|쌀밥|섞박지,백설곰탕|매콤들깨순대볶음|고추튀김|오징어젓갈무침|쌀밥|섞박지,1073,records_2025-02-03.json
2025-02-03,중식,팝업A,백설곰탕,매콤들깨순대볶음|고추튀김|오징어젓갈무침|쌀밥|섞박지,백설곰탕|매콤들깨순대볶음|고추튀김|오징어젓갈무침|쌀밥|섞박지,1073,records_2025-02-03.json
2025-02-03,중식,팝업B,짜장면,칠리새우|계란국|지마구|단무지,짜장면|칠리새우|계란국|지마구|단무지,1363,records_2025-02-03.json
2025-02-03,중식,양식,로코모코함박스테이크,김치볶음밥|콘스프|망고푸딩|양배추피클,로코모코함박스테이크|김치볶음밥|콘스프|망고푸딩|양배추피클,1348,records_2025-02-03.json
2025-02-03,중식,샐러드바,그린샐러드&2종드레싱,,그린샐러드&2종드레싱|완두콩&아몬드|보리차|현미밥/나트륨줄인배추김치,1348,records_2025-02-03.json
2025-02-03,중식,샐러드,베이컨에그마요샐러드,,베이컨에그마요샐러드,536,records_2025-02-03.json
2025-02-03,중식,비건,트러플두유크림수제비,,트러플두유크림수제비,697,records_2025-02-03.json
2025-02-03,중식,버거&델리,돈까스샌드위치,,돈까스샌드위치,448,records_2025-02-03.json
2025-02-03,중식,라이스&누들,고추잡채덮밥,,고추잡채덮밥,545,records_2025-02-03.json
2025-02-03,석식,한식B,제육고추장볶음,홍합무국|야채계란말이|아삭이고추무침|쌀밥|배추김치,제육고추장볶음|홍합무국|야채계란말이|아삭이고추무침|쌀밥|배추김치,1022,records_2025-02-03.json
2025-02-03,석식,샐러드바,그린샐러드&2종드레싱,,그린샐러드&2종드레싱|자몽주스|현미밥/나트륨줄인배추김치,1022,records_2025-02-03.json
2025-02-03,석식,샐러드,베이컨에그마요샐러드,,베이컨에그마요샐러드,536,records_2025-02-03.json
2025-02-03,석식,버거&델리,돈까스샌드위치,,돈까스샌드위치,448,records_2025-02-03.json
2025-02-04,중식,한식A,뚝배기불고기,순두부찌개|꽃맛살메추리알무침|물미역*초장|콩나물밥*양념장|열무김치,뚝배기불고기|순두부찌개|꽃맛살메추리알무침|물미역*초장|콩나물밥*양념장|열무김치,1275,records_2025-02-03.json
2025-02-04,중식,한식B,순살감자탕,수제해물파전|도토리묵야채무침|미니새송이버섯볶음|쌀밥|깍두기,순살감자탕|수제해물파전|도토리묵야채무침|미니새송이버섯볶음|쌀밥|깍두기,1226,records_2025-02-03.json
2025-02-04,중식,팝업A,순살감자탕,수제해물파전|도토리묵야채무침|미니새송이버섯볶음|쌀밥|깍두기,순살감자탕|수제해물파전|도토리묵야채무침|미니새송이버섯볶음|쌀밥|깍두기,1226,records_2025-02-03.json
2025-02-04,중식,팝업B,참치회덮밥,연두부샐러드*참깨D|고구마튀김|미소시루|락교&산고추,참치회덮밥|연두부샐러드*참깨D|고구마튀김|미소시루|락교&산고추,821,records_2025-02-03.json
2025-02-04,중식,양식,매쉬돈까스,미니냉모밀|후리가케밥|바나나1/2|단무지,매쉬돈까스|미니냉모밀|후리가케밥|바나나1/2|단무지,1304,records_2025-02-03.json
2025-02-04,중식,샐러드바,그린샐러드&2종드레싱,,그린샐러드&2종드레싱|후르트링&올리브|현미녹차|잡곡밥/나트륨줄인배추김치,1304,records_2025-02-03.json
2025-02-04,중식,샐러드,스리라차튜나포케,,스리라차튜나포케,726,records_2025-02-03.json
2025-02-04,중식,비건,비건햄야채김밥&컵과일,,비건햄야채김밥&컵과일,975,records_2025-02-03.json
2025-02-04,중식,버거&델리,고추장삼겹살미나리김밥&컵과일,,고추장삼겹살미나리김밥&컵과일,945,records_2025-02-03.json
2025-02-04,중식,라이스&누들,토마토두부면파스타,,토마토두부면파스타,497,records_2025-02-03.json
2025-02-04,석식,한식B,스키야키전골,어묵콩나물찜|참치속깻잎튀김|돌나물유자무침|쌀밥|배추김치,스키야키전골|어묵콩나물찜|참치속깻잎튀김|돌나물유자무침|쌀밥|배추김치,1029,records_2025-02-03.json
2025-02-04,석식,샐러드바,그린샐러드&2종드레싱,,그린샐러드&2종드레싱|라임주스|잡곡밥/나트륨줄인배추김치,1029,records_2025-02-03.json
2025-02-04,석식,샐러드,스리라차튜나포케,,스리라차튜나포케,726,records_2025-02-03.json
2025-02-04,석식,버거&델리,고추장삼겹살미나리김밥&컵과일,,고추장삼겹살미나리김밥&컵과일,945,records_2025-02-03.json
2025-02-05,중식,한식A,소이갈릭포크밸리,얼큰무채국|햄감자채볶음|모듬쌈쌈장|쌀밥|열무김치,소이갈릭포크밸리|얼큰무채국|햄감자채볶음|모듬쌈쌈장|쌀밥|열무김치,1365,records_2025-02-03.json
2025-02-05,중식,한식B,해물짬뽕탕*당면사리,파채꿔바로우|해파리냉채|단무지부추무침|쌀밥|포기김치,해물짬뽕탕*당면사리|파채꿔바로우|해파리냉채|단무지부추무침|쌀밥|포기김치,1337,records_2025-02-03.json
2025-02-05,중식,팝업A,통마늘반반불고기,크래미오이김밥|어묵곤약볶이|오렌지샐러드|저염우동장국,통마늘반반불고기|크래미오이김밥|어묵곤약볶이|오렌지샐러드|저염우동장국,668,records_2025-02-03.json
2025-02-05,중식,팝업B,숯불치킨스크램블덮밥,뿌링핫도그|코울슬로|시금치된장국|치킨무,숯불치킨스크램블덮밥|뿌링핫도그|코울슬로|시금치된장국|치킨무,1108,records_2025-02-03.json
2025-02-05,중식,양식,쉬림프아라비아따파스타,코르곤졸라또띠아피자&꿀|단호박샐러드|크림스프|야채피클,쉬림프아라비아따파스타|코르곤졸라또띠아피자&꿀|단호박샐러드|크림스프|야채피클,1226,records_2025-02-03.json
2025-02-05,중식,샐러드바,그린샐러드&2종드레싱,,그린샐러드&2종드레싱|알새우칩&체다치즈|둥글레차|현미밥/나트륨줄인배추김치,1226,records_2025-02-03.json
2025-02-05,중식,샐러드,닭가슴살두부버섯포케,,닭가슴살두부버섯포케,429,records_2025-02-03.json
2025-02-05,중식,비건,구운가지샐러드,,구운가지샐러드,384,records_2025-02-03.json
2025-02-05,중식,버거&델리,풀드포크핫도그,,풀드포크핫도그,535,records_2025-02-03.json
2025-02-05,중식,라이스&누들,매콤제육덮밥,,매콤제육덮밥,944,records_2025-02-03.json
2025-02-05,석식,한식B,멘치카츠하이라이스,매콤떡볶이|크림치즈볼|단무지무침|탕파국|배추김치,멘치카츠하이라이스|매콤떡볶이|크림치즈볼|단무지무침|탕파국|배추김치,1337,records_2025-02-03.json
2025-02-05,석식,샐러드바,그린샐러드&2종드레싱,,그린샐러드&2종드레싱|파인애플주스|현미밥/나트륨줄인배추김치,1337,records_2025-02-03.json
2025-02-05,석식,샐러드,닭가슴살두부버섯포케,,닭가슴살두부버섯포케,429,records_2025-02-03.json
2025-02-05,석식,버거&델리,풀드포크핫도그,,풀드포크핫도그,535,records_2025-02-03.json
2025-02-06,중식,한식A,스팸깍두기볶음밥*계란후라이,어묵국|광주식상추튀김|단호박견과류팥찜|콘샐러드|황도,스팸깍두기볶음밥*계란후라이|어묵국|광주식상추튀김|단호박견과류팥찜|콘샐러드|황도,1180,records_2025-02-03.json
2025-02-06,중식,한식B,누룽지닭곰탕,대파제육불고기|비엔나야채볶음|불닭팽이버섯|쌀밥|깍두기,누룽지닭곰탕|대파제육불고기|비엔나야채볶음|불닭팽이버섯|쌀밥|깍두기,1017,records_2025-02-03.json
2025-02-06,중식,팝업A,함박정식,오픈토스트|고구마치즈구이|구운버섯샐러드|디톡스워터,함박정식|오픈토스트|고구마치즈구이|구운버섯샐러드|디톡스워터,659,records_2025-02-03.json
2025-02-06,중식,팝업B,얼큰버섯칼국수,갈비만두|김가루밥|땅콩조림|배추겉절이,얼큰버섯칼국수|갈비만두|김가루밥|땅콩조림|배추겉절이,1065,records_2025-02-03.json
2025-02-06,중식,양식,중화풍가지덮밥&계란후라이,크림닭강정|두부장국|리치&람부탄|짜사이,중화풍가지덮밥&계란후라이|크림닭강정|두부장국|리치&람부탄|짜사이,1042,records_2025-02-03.json
2025-02-06,중식,샐러드바,그린샐러드&2종드레싱,,그린샐러드&2종드레싱|시리얼&병아리콩|얼그레이홍차|잡곡밥/나트륨줄인배추김치,1042,records_2025-02-03.json
2025-02-06,중식,샐러드,하와이안쉬림프포케,,하와이안쉬림프포케,657,records_2025-02-03.json
2025-02-06,중식,비건,라따뚜이로뗄레파스타,,라따뚜이로뗄레파스타,613,records_2025-02-03.json
2025-02-06,중식,버거&델리,불고기랩,,불고기랩,671,records_2025-02-03.json
2025-02-06,중식,라이스&누들,쿵파오두부계란덮밥,,쿵파오두부계란덮밥,631,records_2025-02-03.json
2025-02-06,석식,한식B,닭감자조림,유채된장국|섭산적구이*부추무침|오이양파무침|쌀밥|열무김치,닭감자조림|유채된장국|섭산적구이*부추무침|오이양파무침|쌀밥|열무김치,1274,records_2025-02-03.json
2025-02-06,석식,샐러드바,그린샐러드&2종드레싱,,그린샐러드&2종드레싱|복숭아주스|잡곡밥/나트륨줄인배추김치,1274,records_2025-02-03.json
2025-02-06,석식,샐러드,하와이안쉬림프포케,,하와이안쉬림프포케,657,records_2025-02-03.json
2025-02-06,석식,버거&델리,불고기랩,,불고기랩,671,records_2025-02-03.json
2025-02-07,중식,한식A,치킨강황솥밥,미역국|생선까스*콘마요소스|메밀면야채무침|오복채무침|배추김치,치킨강황솥밥|미역국|생선까스*콘마요소스|메밀면야채무침|오복채무침|배추김치,1049,records_2025-02-03.json
2025-02-07,중식,한식B,달래된장찌개,오리주물럭|떡잡채|멸치아몬드볶음|시래기무밥|알타리김치,달래된장찌개|오리주물럭|떡잡채|멸치아몬드볶음|시래기무밥|알타리김치,1062,records_2025-02-03.json
2025-02-07,중식,팝업A,블랙페퍼치킨구이,명란크림보리리조또|두부구이새우까나페|감귤샐러드|팽이장국,블랙페퍼치킨구이|명란크림보리리조또|두부구이새우까나페|감귤샐러드|팽이장국,601,records_2025-02-03.json
2025-02-07,중식,팝업B,마라샹궈&계란볶음밥,우유튀김|중국식오이무침|탕파국|단무지,마라샹궈&계란볶음밥|우유튀김|중국식오이무침|탕파국|단무지,1354,records_2025-02-03.json
2025-02-07,중식,양식,유부온쫄면,충무김밥*오징어무침|떡갈비조림|마늘종락교무침|꼬들단무지,유부온쫄면|충무김밥*오징어무침|떡갈비조림|마늘종락교무침|꼬들단무지,1165,records_2025-02-03.json
2025-02-07,중식,샐러드바,그린샐러드&2종드레싱,,그린샐러드&2종드레싱|그래놀라&스위트콘|결명자차|현미밥/나트륨줄인배추김치,1165,records_2025-02-03.json
2025-02-07,중식,샐러드,분보싸오샐러드,,분보싸오샐러드,559,records_2025-02-03.json
2025-02-07,중식,비건,숯불직화두부면샐러드,,숯불직화두부면샐러드,482,records_2025-02-03.json
2025-02-07,중식,버거&델리,체다치즈소스버거,,체다치즈소스버거,1200,records_2025-02-03.json
2025-02-07,중식,라이스&누들,오므라이스,,오므라이스,1029,records_2025-02-03.json
2025-02-10,중식,한식A,가리비꽈리고추솥밥*양념장,조랭이떡국|떡갈비구이|가지깐풍|치커리오리엔탈무침|배추김치,가리비꽈리고추솥밥*양념장|조랭이떡국|떡갈비구이|가지깐풍|치커리오리엔탈무침|배추김치,1004,records_2025-02-10.json
2025-02-10,중식,한식B,돼지김치찌개,계란찜|야채잡채|김부각*콩소스|쌀밥|깍두기,돼지김치찌개|계란찜|야채잡채|김부각*콩소스|쌀밥|깍두기,1024,records_2025-02-10.json
2025-02-10,중식,팝업A,돼지김치찌개,계란찜|야채잡채|김부각*콩소스|쌀밥|깍두기,돼지김치찌개|계란찜|야채잡채|김부각*콩소스|쌀밥|깍두기,1024,records_2025-02-10.json
2025-02-10,중식,팝업B,팟시금치무쌉&계란후라이,매콤오징어핫바|쏨땀|얼큰쌀국수국물|배추김치,팟시금치무쌉&계란후라이|매콤오징어핫바|쏨땀|얼큰쌀국수국물|배추김치,1058,records_2025-02-10.json
2025-02-10,중식,양식,마크니커리&치킨스테이크,갈릭버터치즈또띠아|푸실리샐러드|유부장국|락교&산고추지,마크니커리&치킨스테이크|갈릭버터치즈또띠아|푸실리샐러드|유부장국|락교&산고추지,1363,records_2025-02-10.json
2025-02-10,중식,샐러드바,그린샐러드&2종드레싱,,그린샐러드&2종드레싱|크루통&체다치즈|히비스커스티|현미밥/나트륨줄인배추김치,1363,records_2025-02-10.json
2025-02-10,중식,샐러드,머쉬룸하베스트샐러드,,머쉬룸하베스트샐러드,613,records_2025-02-10.json
2025-02-10,중식,비건,두부버섯김밥&고구마맛탕,,두부버섯김밥&고구마맛탕,896,records_2025-02-10.json
2025-02-10,중식,버거&델리,참치김밥&반반닭강정,,참치김밥&반반닭강정,1189,records_2025-02-10.json
2025-02-10,중식,라이스&누들,오징어미나리덮밥,,오징어미나리덮밥,693,records_2025-02-10.json
2025-02-10,석식,한식B,고구마닭갈비,부추재첩국|유린소스만두튀김|열무된장나물|쌀밥|배추김치,고구마닭갈비|부추재첩국|유린소스만두튀김|열무된장나물|쌀밥|배추김치,977,records_2025-02-10.json
2025-02-10,석식,샐러드바,그린샐러드&2종드레싱,,그린샐러드&2종드레싱|청포도주스|현미밥/나트륨줄인배추김치,977,records_2025-02-10.json
2025-02-10,석식,샐러드,머쉬룸하베스트샐러드,,머쉬룸하베스트샐러드,613,records_2025-02-10.json
2025-02-10,석식,버거&델리,참치김밥&반반닭강정,,참치김밥&반반닭강정,1189,records_2025-02-10.json
2025-02-11,중식,한식A,[플렉스테이블]중앙해장한우양해장국,돼지고기육전|풋고추양파|부추겉절이|쌀밥|석박지중앙해장,[플렉스테이블]중앙해장한우양해장국|돼지고기육전|풋고추양파|부추겉절이|쌀밥|석박지중앙해장,1203,records_2025-02-10.json
2025-02-11,중식,한식B,제육볶음*온두부,호박고추장찌개|부들어묵볶음|2종쌈*갈치속젓|쌀밥|열무김치,제육볶음*온두부|호박고추장찌개|부들어묵볶음|2종쌈*갈치속젓|쌀밥|열무김치,1053,records_2025-02-10.json
2025-02-11,중식,팝업A,제육볶음*온두부,호박고추장찌개|부들어묵볶음|2종쌈*갈치속젓|쌀밥|열무김치,제육볶음*온두부|호박고추장찌개|부들어묵볶음|2종쌈*갈치속젓|쌀밥|열무김치,1053,records_2025-02-10.json
2025-02-11,중식,팝업B,초당순두부장칼국수,메밀전병|멸치우엉주먹밥|갓절임|배추겉절이,초당순두부장칼국수|메밀전병|멸치우엉주먹밥|갓절임|배추겉절이,1130,records_2025-02-10.json
2025-02-11,중식,양식,돈까스김치나베,타코야끼|만다린샐러드|김가루밥|꼬들단무지,돈까스김치나베|타코야끼|만다린샐러드|김가루밥|꼬들단무지,1214,records_2025-02-10.json
2025-02-11,중식,샐러드바,그린샐러드&2종드레싱,,그린샐러드&2종드레싱|시리얼&쿠스쿠스|메밀차|현미밥/나트륨줄인배추김치,1214,records_2025-02-10.json
2025-02-11,중식,샐러드,새우오일파스타샐러드,,새우오일파스타샐러드,474,records_2025-02-10.json
2025-02-11,중식,비건,두부리코타샐러드,,두부리코타샐러드,560,records_2025-02-10.json
2025-02-11,중식,버거&델리,떡갈비샌드위치,,떡갈비샌드위치,822,records_2025-02-10.json
2025-02-11,중식,라이스&누들,양념생선도시락,,양념생선도시락,442,records_2025-02-10.json
2025-02-11,석식,한식B,참치생야채비빔밥,백순대볶음|오징어무국|오미산적|마늘쫑무침|열무김치,참치생야채비빔밥|백순대볶음|오징어무국|오미산적|마늘쫑무침|열무김치,974,records_2025-02-10.json
2025-02-11,석식,샐러드바,그린샐러드&2종드레싱,,그린샐러드&2종드레싱|살구주스|잡곡밥/나트륨줄인배추김치,974,records_2025-02-10.json
2025-02-11,석식,샐러드,새우오일파스타샐러드,,새우오일파스타샐러드,474,records_2025-02-10.json
2025-02-11,석식,버거&델리,떡갈비샌드위치,,떡갈비샌드위치,822,records_2025-02-10.json
2025-02-12,중식,한식A,[정월대보름정식]쇠고기야채볶음,얼갈이국|3종나물|파래김구이|오곡밥|백김치/부럼,[정월대보름정식]쇠고기야채볶음|얼갈이국|3종나물|파래김구이|오곡밥|백김치/부럼,1072,records_2025-02-10.json
2025-02-12,중식,한식B,얼큰버섯만두전골,숯불향오징어볶음|고기산적조림|고들빼기무침|쌀밥|열무김치/부럼,얼큰버섯만두전골|숯불향오징어볶음|고기산적조림|고들빼기무침|쌀밥|열무김치/부럼,979,records_2025-02-10.json
2025-02-12,중식,팝업A,데리야끼닭안심구이,바질톳현미리조또|납작감자치즈구이|구운두부샐러드|디톡스워터|부럼,데리야끼닭안심구이|바질톳현미리조또|납작감자치즈구이|구운두부샐러드|디톡스워터|부럼,580,records_2025-02-10.json
2025-02-12,중식,팝업B,고추잡채덮밥*꽃빵,멘보샤|짬뽕국물|숙주맛살냉채|단무지/부럼,고추잡채덮밥*꽃빵|멘보샤|짬뽕국물|숙주맛살냉채|단무지/부럼,1035,records_2025-02-10.json
2025-02-12,중식,양식,치킨마랭고&계란후라이,오지치즈후라이|미니마늘볶음밥|크림스프|무비트피클/부럼,치킨마랭고&계란후라이|오지치즈후라이|미니마늘볶음밥|크림스프|무비트피클/부럼,1129,records_2025-02-10.json
2025-02-12,중식,샐러드바,그린샐러드&2종드레싱,,그린샐러드&2종드레싱|알새우칩&크랜베리|쟈스민차|현미밥/나트륨줄인배추김치,1129,records_2025-02-10.json
2025-02-12,중식,샐러드,핫치킨&첨면장볶음누들샐러드,,핫치킨&첨면장볶음누들샐러드,588,records_2025-02-10.json
2025-02-12,중식,비건,비건참치김밥&단호박범벅,,비건참치김밥&단호박범벅,1024,records_2025-02-10.json
2025-02-12,중식,버거&델리,소불고기깻잎김밥&순대강정,,소불고기깻잎김밥&순대강정,914,records_2025-02-10.json
2025-02-12,중식,라이스&누들,해물야끼소바,,해물야끼소바,567,records_2025-02-10.json
2025-02-12,석식,한식B,대패삼겹김치덮밥*계란후라이,소떡소떡강정|미니우동|연근조림|브로콜리참깨무침|깍두기,대패삼겹김치덮밥*계란후라이|소떡소떡강정|미니우동|연근조림|브로콜리참깨무침|깍두기,1286,records_2025-02-10.json
2025-02-12,석식,샐러드바,그린샐러드&2종드레싱,,그린샐러드&2종드레싱|청귤주스|현미밥/나트륨줄인배추김치,1286,records_2025-02-10.json
2025-02-12,석식,샐러드,핫치킨&첨면장볶음누들샐러드,,핫치킨&첨면장볶음누들샐러드,588,records_2025-02-10.json
2025-02-12,석식,버거&델리,소불고기깻잎김밥&순대강정,,소불고기깻잎김밥&순대강정,914,records_2025-02-10.json
2025-02-13,중식,한식A,[아워테이블]낙지김치삼합,맑은콩나물국|콘치즈구이|세발나물오리엔탈무침|쌀밥|열무김치,[아워테이블]낙지김치삼합|맑은콩나물국|콘치즈구이|세발나물오리엔탈무침|쌀밥|열무김치,1291,records_2025-02-10.json
2025-02-13,중식,한식B,사골우거지해장국,자반고등어구이|알감자조림|미역줄기볶음|쌀밥|알타리김치,사골우거지해장국|자반고등어구이|알감자조림|미역줄기볶음|쌀밥|알타리김치,1159,records_2025-02-10.json
2025-02-13,중식,팝업A,한방돈갈비찜,문어영양밥|실곤약비빔국수|자몽견과류샐러드|저염무채국,한방돈갈비찜|문어영양밥|실곤약비빔국수|자몽견과류샐러드|저염무채국,596,records_2025-02-10.json
2025-02-13,중식,팝업B,KKPP녹진비빔면(아부라소바),새우까스&콘마요소스|바나나1/2|미니쌀밥|유자단무지,KKPP녹진비빔면(아부라소바)|새우까스&콘마요소스|바나나1/2|미니쌀밥|유자단무지,1199,records_2025-02-10.json
2025-02-13,중식,양식,소세지하이라이스,멘치까스&스위트칠리S|연두부샐러드&참깨D|팽이장국|양배추피클,소세지하이라이스|멘치까스&스위트칠리S|연두부샐러드&참깨D|팽이장국|양배추피클,1149,records_2025-02-10.json
2025-02-13,중식,샐러드바,그린샐러드&2종드레싱,,그린샐러드&2종드레싱|코코볼&키드니빈스|매실차|현미밥/나트륨줄인배추김치,1149,records_2025-02-10.json
2025-02-13,중식,샐러드,훈제오리포케,,훈제오리포케,699,records_2025-02-10.json
2025-02-13,중식,비건,팔라펠후무스프로틴랩,,팔라펠후무스프로틴랩,586,records_2025-02-10.json
2025-02-13,중식,버거&델리,샌드위치,,샌드위치,640,records_2025-02-10.json
2025-02-13,중식,라이스&누들,마파두부덮밥,,마파두부덮밥,848,records_2025-02-10.json
2025-02-13,석식,한식B,흑돼지두루치기,된장찌개|떡잡채|들기름깻잎지|쌀밥|깍두기,흑돼지두루치기|된장찌개|떡잡채|들기름깻잎지|쌀밥|깍두기,923,records_2025-02-10.json
2025-02-13,석식,샐러드바,그린샐러드&2종드레싱,,그린샐러드&2종드레싱|식혜|잡곡밥/나트륨줄인배추김치,923,records_2025-02-10.json
2025-02-13,석식,샐러드,훈제오리포케,,훈제오리포케,699,records_2025-02-10.json
2025-02-13,석식,버거&델리,샌드위치,,샌드위치,640,records_2025-02-10.json
2025-02-14,중식,한식A,뚝배기날치알밥,맑은우동국물|고추마요치킨|구슬떡볶이|락교*초생강|드링킹요구르트,뚝배기날치알밥|맑은우동국물|고추마요치킨|구슬떡볶이|락교*초생강|드링킹요구르트,1197,records_2025-02-10.json
2025-02-14,중식,한식B,나주곰탕,돈육장조림|단호박&고구마튀김|오이지무침|쌀밥|섞박지,나주곰탕|돈육장조림|단호박&고구마튀김|오이지무침|쌀밥|섞박지,1034,records_2025-02-10.json
2025-02-14,중식,팝업A,바지락알리오올리오,바베큐치킨파니니|두부라따뚜이|베리샐러드|옥수수스프,바지락알리오올리오|바베큐치킨파니니|두부라따뚜이|베리샐러드|옥수수스프,602,records_2025-02-10.json
2025-02-14,중식,팝업B,나가사키짬뽕,맛초킹탕수육|미니햄야채볶음밥|수도(복숭아모양찐빵)|단무지부추무침,나가사키짬뽕|맛초킹탕수육|미니햄야채볶음밥|수도(복숭아모양찐빵)|단무지부추무침,1316,records_2025-02-10.json
2025-02-14,중식,양식,투움바파스타,치킨텐더&머스타드|미니부시맨브래드&버터|머쉬룸스프|피클&할라피뇨,투움바파스타|치킨텐더&머스타드|미니부시맨브래드&버터|머쉬룸스프|피클&할라피뇨,1359,records_2025-02-10.json
2025-02-14,중식,샐러드바,그린샐러드&2종드레싱,,그린샐러드&2종드레싱|고구마스틱&스위트콘|옥수수수염차|현미밥/나트륨줄인배추김치,1359,records_2025-02-10.json
2025-02-14,중식,샐러드,불고기뇨끼파스타샐러드,,불고기뇨끼파스타샐러드,1195,records_2025-02-10.json
2025-02-14,중식,비건,들깨고사리파스타,,들깨고사리파스타,624,records_2025-02-10.json
2025-02-14,중식,버거&델리,우삼겹랩,,우삼겹랩,564,records_2025-02-10.json
2025-02-14,중식,라이스&누들,치즈함박스테이크덮밥,,치즈함박스테이크덮밥,904,records_2025-02-10.json
2025-02-17,중식,한식A,야끼토리닭조림,사골우거지국|순살구이|봄동시저소스무침|쌀밥|백김치,야끼토리닭조림|사골우거지국|순살구이|봄동시저소스무침|쌀밥|백김치,1096,records_2025-02-17.json
2025-02-17,중식,한식B,햄치즈순두부찌개,훈제오리*머스타드s|매콤계란장조림|명엽채볶음|쌀밥|깍두기,햄치즈순두부찌개|훈제오리*머스타드s|매콤계란장조림|명엽채볶음|쌀밥|깍두기,1201,records_2025-02-17.json
2025-02-17,중식,팝업A,햄치즈순두부찌개,훈제오리*머스타드s|매콤계란장조림|명엽채볶음|쌀밥|깍두기,햄치즈순두부찌개|훈제오리*머스타드s|매콤계란장조림|명엽채볶음|쌀밥|깍두기,1201,records_2025-02-17.json
2025-02-17,중식,팝업B,탄탄면,새우볼꼬치|김가루밥|청포도푸딩|짜사이,탄탄면|새우볼꼬치|김가루밥|청포도푸딩|짜사이,1392,records_2025-02-17.json
2025-02-17,중식,양식,에비동,미니냉모밀|매운꼬치어묵|콘샐러드|락교*초생강,에비동|미니냉모밀|매운꼬치어묵|콘샐러드|락교*초생강,1135,records_2025-02-17.json
2025-02-17,중식,샐러드바,그린샐러드&2종드레싱,,그린샐러드&2종드레싱|크랜베리&완두콩|보리차|현미밥/나트륨줄인배추김치,1135,records_2025-02-17.json
2025-02-17,중식,샐러드,불고기메밀소바샐러드,,불고기메밀소바샐러드,584,records_2025-02-17.json
2025-02-17,중식,비건,꼬시래기김밥&쏘이후라이드,,꼬시래기김밥&쏘이후라이드,1077,records_2025-02-17.json
2025-02-17,중식,버거&델리,땡초멸치김밥&곰돌이돈까스,,땡초멸치김밥&곰돌이돈까스,1078,records_2025-02-17.json
2025-02-17,중식,라이스&누들,마크니커리덮밥,,마크니커리덮밥,1062,records_2025-02-17.json
2025-02-17,석식,한식B,왕만두떡국,오징어미나리무침|잡채말이어묵조림|마늘쫑절임|쌀밥|깍두기,왕만두떡국|오징어미나리무침|잡채말이어묵조림|마늘쫑절임|쌀밥|깍두기,1160,records_2025-02-17.json
2025-02-17,석식,샐러드바,그린샐러드&2종드레싱,,그린샐러드&2종드레싱|자몽주스|현미밥/나트륨줄인배추김치,1160,records_2025-02-17.json
2025-02-17,석식,샐러드,불고기메밀소바샐러드,,불고기메밀소바샐러드,584,records_2025-02-17.json
2025-02-17,석식,버거&델리,땡초멸치김밥&곰돌이돈까스,,땡초멸치김밥&곰돌이돈까스,1078,records_2025-02-17.json
2025-02-18,중식,한식A,제육볶음,쇠고기무국|스크램블에그|오이양파무침|쌀밥|열무김치,제육볶음|쇠고기무국|스크램블에그|오이양파무침|쌀밥|열무김치,1126,records_2025-02-17.json
2025-02-18,중식,한식B,돼지국밥,찰순대찜*부추무침|모듬숙회*초장|아삭이고추무침|쌀밥|섞박지,돼지국밥|찰순대찜*부추무침|모듬숙회*초장|아삭이고추무침|쌀밥|섞박지,1158,records_2025-02-17.json
2025-02-18,중식,팝업A,돼지국밥,찰순대찜*부추무침|모듬숙회*초장|아삭이고추무침|쌀밥|섞박지,돼지국밥|찰순대찜*부추무침|모듬숙회*초장|아삭이고추무침|쌀밥|섞박지,1158,records_2025-02-17.json
2025-02-18,중식,팝업B,마파두부덮밥*통가지튀김,유린돈까스|탕파국|고구마맛탕|단무지,마파두부덮밥*통가지튀김|유린돈까스|탕파국|고구마맛탕|단무지,1164,records_2025-02-17.json
2025-02-18,중식,양식,뚝배기해장파스타,고구마또띠아피자|크림스프|황도|야채피클,뚝배기해장파스타|고구마또띠아피자|크림스프|황도|야채피클,1270,records_2025-02-17.json
2025-02-18,중식,샐러드바,그린샐러드&2종드레싱,,그린샐러드&2종드레싱|첵스&올리브|현미녹차|현미밥/나트륨줄인배추김치,1270,records_2025-02-17.json
2025-02-18,중식,샐러드,그릴드연어포케,,그릴드연어포케,537,records_2025-02-17.json
2025-02-18,중식,비건,두부면야끼소바,,두부면야끼소바,515,records_2025-02-17.json
2025-02-18,중식,버거&델리,풀드포크랩,,풀드포크랩,647,records_2025-02-17.json
2025-02-18,중식,라이스&누들,트러플머쉬룸리가토니파스타,,트러플머쉬룸리가토니파스타,626,records_2025-02-17.json
2025-02-18,석식,한식B,마늘토핑카레라이스,하와이안함박스테이크*데미s|얼큰무채국|실곤약야채무침|마카로니샐러드|배추김치,마늘토핑카레라이스|하와이안함박스테이크*데미s|얼큰무채국|실곤약야채무침|마카로니샐러드|배추김치,1246,records_2025-02-17.json
2025-02-18,석식,샐러드바,그린샐러드&2종드레싱,,그린샐러드&2종드레싱|아이스티|잡곡밥/나트륨줄인배추김치,1246,records_2025-02-17.json
2025-02-18,석식,샐러드,그릴드연어포케,,그릴드연어포케,537,records_2025-02-17.json
2025-02-18,석식,버거&델리,폭립&야채볶음밥,,폭립&야채볶음밥,1299,records_2025-02-17.json
2025-02-19,중식,한식A,"""전주식돌솥비빔밥*계란후라이",김치국|숯불오징어볶음|도토리묵*양념장|쌀밥|열무김치,"""전주식돌솥비빔밥*계란후라이|김치국|숯불오징어볶음|도토리묵*양념장|쌀밥|열무김치",1039,records_2025-02-17.json
2025-02-19,중식,한식B,전주식콩나물국밥*수란,명란떡갈비*세발나물무침|수제옥수수전|도시락김|쌀밥|깍두기,전주식콩나물국밥*수란|명란떡갈비*세발나물무침|수제옥수수전|도시락김|쌀밥|깍두기,970,records_2025-02-17.json
2025-02-19,중식,팝업A,돈목살구이,명란오이두부비빔밥|감자베이컨프리타타|어린잎묵샐러드|저염된장국,돈목살구이|명란오이두부비빔밥|감자베이컨프리타타|어린잎묵샐러드|저염된장국,543,records_2025-02-17.json
2025-02-19,중식,팝업B,전주식계란칼국수,왕교자만두|소고기주먹밥|양파장아찌|배추겉절이,전주식계란칼국수|왕교자만두|소고기주먹밥|양파장아찌|배추겉절이,1130,records_2025-02-17.json
2025-02-19,중식,양식,전주식물짜장,깐풍기|쌀밥|계란국|단무지,전주식물짜장|깐풍기|쌀밥|계란국|단무지,1128,records_2025-02-17.json
2025-02-19,중식,샐러드바,그린샐러드&2종드레싱,,그린샐러드&2종드레싱|크루통&체다치즈|둥글레차|현미밥/나트륨줄인배추김치,1128,records_2025-02-17.json
2025-02-19,중식,샐러드,타볼레핫치킨샐러드,,타볼레핫치킨샐러드,692,records_2025-02-17.json
2025-02-19,중식,비건,포모도로파스타,,포모도로파스타,637,records_2025-02-17.json
2025-02-19,중식,버거&델리,통새우샌드위치,,통새우샌드위치,574,records_2025-02-17.json
2025-02-19,중식,라이스&누들,눈꽃치즈차돌깍두기볶음밥,,눈꽃치즈차돌깍두기볶음밥,690,records_2025-02-17.json
2025-02-19,석식,한식B,뚝배기불고기,건새우아욱국|비엔나야채볶음|매콤도라지무침|취나물버섯밥*양념장|배추김치,뚝배기불고기|건새우아욱국|비엔나야채볶음|매콤도라지무침|취나물버섯밥*양념장|배추김치,1187,records_2025-02-17.json
2025-02-19,석식,샐러드바,그린샐러드&2종드레싱,,그린샐러드&2종드레싱|파인애플주스|현미밥/나트륨줄인배추김치,1187,records_2025-02-17.json
2025-02-19,석식,샐러드,타볼레핫치킨샐러드,,타볼레핫치킨샐러드,692,records_2025-02-17.json
2025-02-19,석식,버거&델리,통새우샌드위치,,통새우샌드위치,574,records_2025-02-17.json
2025-02-20,중식,한식A,오리주물럭*부추무침,감자수제비국|두부계란지짐|날치알마요깻잎쌈|쌀밥|배추김치,오리주물럭*부추무침|감자수제비국|두부계란지짐|날치알마요깻잎쌈|쌀밥|배추김치,1175,records_2025-02-17.json
2025-02-20,중식,한식B,소고기미역국,김치닭살볶음|탕평채|비빔오징어젓갈|쌀밥|깍두기,소고기미역국|김치닭살볶음|탕평채|비빔오징어젓갈|쌀밥|깍두기,1045,records_2025-02-17.json
2025-02-20,중식,팝업A,우불고기*불맛숙주,양배추현미쌈밥*견과류쌈장|두부버섯구이|사과샐러드|우동장국,우불고기*불맛숙주|양배추현미쌈밥*견과류쌈장|두부버섯구이|사과샐러드|우동장국,626,records_2025-02-17.json
2025-02-20,중식,팝업B,감자떡볶이,탕수육|계란볶음밥|유부장국|단무지,감자떡볶이|탕수육|계란볶음밥|유부장국|단무지,1295,records_2025-02-17.json
2025-02-20,중식,양식,마제덮밥,오꼬노미야끼|단호박샐러드|미역장국|락교&산고추,마제덮밥|오꼬노미야끼|단호박샐러드|미역장국|락교&산고추,1078,records_2025-02-17.json
2025-02-20,중식,샐러드바,그린샐러드&2종드레싱,,그린샐러드&2종드레싱|시리얼&키드니빈스|결명자차|현미밥/나트륨줄인배추김치,1078,records_2025-02-17.json
2025-02-20,중식,샐러드,갈락마요쉬림프브리또볼,,갈락마요쉬림프브리또볼,576,records_2025-02-17.json
2025-02-20,중식,비건,두부면채식짜장,,두부면채식짜장,459,records_2025-02-17.json
2025-02-20,중식,버거&델리,훈제닭다리살랩,,훈제닭다리살랩,659,records_2025-02-17.json
2025-02-20,중식,라이스&누들,닭갈비치즈덮밥,,닭갈비치즈덮밥,1008,records_2025-02-17.json
2025-02-20,석식,한식B,고추장닭보쌈*파채무침,홍합무국|한식잡채|무쌈*양배추샐러드*케요네즈S|쌀밥|배추김치,고추장닭보쌈*파채무침|홍합무국|한식잡채|무쌈*양배추샐러드*케요네즈S|쌀밥|배추김치,1079,records_2025-02-17.json
2025-02-20,석식,샐러드바,그린샐러드&2종드레싱,,그린샐러드&2종드레싱|복숭아주스|잡곡밥/나트륨줄인배추김치,1079,records_2025-02-17.json
2025-02-20,석식,샐러드,갈락마요쉬림프브리또볼,,갈락마요쉬림프브리또볼,576,records_2025-02-17.json
2025-02-20,석식,버거&델리,버섯갈비덮밥,,버섯갈비덮밥,1334,records_2025-02-17.json
2025-02-21,중식,한식A,홍메기솥밥*산초간장,얼큰콩나물국|오리엔탈파닭|꽃맛살샐러드|돌나물유자무침|열무김치,홍메기솥밥*산초간장|얼큰콩나물국|오리엔탈파닭|꽃맛살샐러드|돌나물유자무침|열무김치,858,records_2025-02-17.json
2025-02-21,중식,한식B,모둠어묵전골,청양풍제육볶음|파래연근튀김|참나물무침|쌀밥|열무김치,모둠어묵전골|청양풍제육볶음|파래연근튀김|참나물무침|쌀밥|열무김치,1081,records_2025-02-17.json
2025-02-21,중식,팝업A,바베큐닭다리구이,우리통밀견과팬케이크|토마토스크램블|리코타샐러드|디톡스워터,바베큐닭다리구이|우리통밀견과팬케이크|토마토스크램블|리코타샐러드|디톡스워터,684,records_2025-02-17.json
2025-02-21,중식,팝업B,구운닭&대파우동,씨앗고로케|땡초주먹밥|브로컬리참깨무침|깍두기,구운닭&대파우동|씨앗고로케|땡초주먹밥|브로컬리참깨무침|깍두기,1240,records_2025-02-17.json
2025-02-21,중식,양식,치킨난반&후리가케밥,미니쫄면무침|팽이미소시루|바나나1/2|무비트피클,치킨난반&후리가케밥|미니쫄면무침|팽이미소시루|바나나1/2|무비트피클,1289,records_2025-02-17.json
2025-02-21,중식,샐러드바,그린샐러드&2종드레싱,,그린샐러드&2종드레싱|바나나칩&퀴노아|얼그레이|현미밥/나트륨줄인배추김치,1289,records_2025-02-17.json
2025-02-21,중식,샐러드,오렌지망고치킨텐더샐러드,,오렌지망고치킨텐더샐러드,451,records_2025-02-17.json
2025-02-21,중식,비건,두부버섯포케,,두부버섯포케,259,records_2025-02-17.json
2025-02-21,중식,버거&델리,손수야채김밥&슈프림양념치킨,,손수야채김밥&슈프림양념치킨,1079,records_2025-02-17.json
2025-02-21,중식,라이스&누들,흰살생선오믈렛도시락,,흰살생선오믈렛도시락,604,records_2025-02-17.json
2025-02-24,중식,한식A,[우렁강된장쌈밥정식set]숯불향제육볶음,우렁된장소스|모듬쌈채소|콩나물파채무침|쌀밥|배추김치,[우렁강된장쌈밥정식set]숯불향제육볶음|우렁된장소스|모듬쌈채소|콩나물파채무침|쌀밥|배추김치,956,records_2025-02-24.json
2025-02-24,중식,한식B,콩비지찌개,바베큐닭구이*파채|계란말이*케찹|알마늘지무침|쌀밥|깍두기,콩비지찌개|바베큐닭구이*파채|계란말이*케찹|알마늘지무침|쌀밥|깍두기,911,records_2025-02-24.json
2025-02-24,중식,팝업A,콩비지찌개,바베큐닭구이*파채|계란말이*케찹|알마늘지무침|쌀밥|깍두기,콩비지찌개|바베큐닭구이*파채|계란말이*케찹|알마늘지무침|쌀밥|깍두기,911,records_2025-02-24.json
2025-02-24,중식,팝업B,잔치국수,바싹불고기|야채튀김|마늘종락교무침|배추김치,잔치국수|바싹불고기|야채튀김|마늘종락교무침|배추김치,905,records_2025-02-24.json
2025-02-24,중식,양식,불고기필라프&계란후라이,매콤닭강정|나쵸&체다치즈S|양송이스프|무비트피클,불고기필라프&계란후라이|매콤닭강정|나쵸&체다치즈S|양송이스프|무비트피클,1124,records_2025-02-24.json
2025-02-24,중식,샐러드바,그린샐러드&2종드레싱,,그린샐러드&2종드레싱|스위트콘&알새우칩|메밀차|현미밥/나트륨줄인배추김치,1124,records_2025-02-24.json
2025-02-24,중식,샐러드,베이컨로펠레파스타샐러드,,베이컨로펠레파스타샐러드,503,records_2025-02-24.json
2025-02-24,중식,비건,유부야채김밥*두부강정,,유부야채김밥*두부강정,808,records_2025-02-24.json
2025-02-24,중식,버거&델리,훈제오리부추김밥&어니언가라아게,,훈제오리부추김밥&어니언가라아게,958,records_2025-02-24.json
2025-02-24,중식,라이스&누들,소보루비빔밥,,소보루비빔밥,891,records_2025-02-24.json
2025-02-24,석식,한식B,닭갈비,미역국|베이컨감자채볶음|숙주맛살겨자무침|쌀밥|깍두기,닭갈비|미역국|베이컨감자채볶음|숙주맛살겨자무침|쌀밥|깍두기,957,records_2025-02-24.json
2025-02-24,석식,샐러드바,그린샐러드&2종드레싱,,그린샐러드&2종드레싱|살구주스|현미밥/나트륨줄인배추김치,957,records_2025-02-24.json
2025-02-24,석식,샐러드,베이컨로펠레파스타샐러드,,베이컨로펠레파스타샐러드,503,records_2025-02-24.json
2025-02-24,석식,버거&델리,훈제오리부추김밥&어니언가라아게,,훈제오리부추김밥&어니언가라아게,958,records_2025-02-24.json
2025-02-25,중식,한식A,마늘소스보쌈,얼큰무채국|매콤비빔라면|김말이땅콩강정|쌀밥|배추겉절이,마늘소스보쌈|얼큰무채국|매콤비빔라면|김말이땅콩강정|쌀밥|배추겉절이,1359,records_2025-02-24.json
2025-02-25,중식,한식B,한방삼계탕,해물파전|청포묵참나물무침|양파절이|쌀밥|섞박지,한방삼계탕|해물파전|청포묵참나물무침|양파절이|쌀밥|섞박지,1282,records_2025-02-24.json
2025-02-25,중식,팝업A,한방삼계탕,해물파전|청포묵참나물무침|양파초점이|쌀밥|섞박지,한방삼계탕|해물파전|청포묵참나물무침|양파초점이|쌀밥|섞박지,1282,records_2025-02-24.json
2025-02-25,중식,팝업B,짜장면*목살큐브스테이크,꿔바로우|양장피|미니짬뽕국|단무지,짜장면*목살큐브스테이크|꿔바로우|양장피|미니짬뽕국|단무지,1352,records_2025-02-24.json
2025-02-25,중식,양식,짜장면*목살큐브스테이크,꿔바로우|양장피|미니짬뽕국|단무지,짜장면*목살큐브스테이크|꿔바로우|양장피|미니짬뽕국|단무지,1352,records_2025-02-24.json
2025-02-25,중식,샐러드바,그린샐러드&2종드레싱,,그린샐러드&2종드레싱|시리얼&키드니빈스|자스민차|현미밥/나트륨줄인배추김치,1352,records_2025-02-24.json
2025-02-25,중식,샐러드,매콤크림새우브리또볼,,매콤크림새우브리또볼,645,records_2025-02-24.json
2025-02-25,중식,비건,두부버섯라따뚜이샐러드,,두부버섯라따뚜이샐러드,474,records_2025-02-24.json
2025-02-25,중식,버거&델리,에그마요햄치즈샌드위치,,에그마요햄치즈샌드위치,486,records_2025-02-24.json
2025-02-25,중식,라이스&누들,치킨스테이크도시락,,치킨스테이크도시락,565,records_2025-02-24.json
2025-02-25,석식,한식B,스키야끼전골,메밀전병|부들어묵볶음|아삭이고추무침|쌀밥|배추김치,스키야끼전골|메밀전병|부들어묵볶음|아삭이고추무침|쌀밥|배추김치,1041,records_2025-02-24.json
2025-02-25,석식,샐러드바,그린샐러드&2종드레싱,,그린샐러드&2종드레싱|라임주스|현미밥/나트륨줄인배추김치,1041,records_2025-02-24.json
2025-02-25,석식,샐러드,매콤크림새우브리또볼,,매콤크림새우브리또볼,645,records_2025-02-24.json
2025-02-25,석식,버거&델리,에그마요햄치즈샌드위치,,에그마요햄치즈샌드위치,486,records_2025-02-24.json
2025-02-26,중식,한식A,매콤오징어생야채비빔밥,된장찌개|뿌링클치킨너겟|구운파래김|열무김치|델리만쥬,매콤오징어생야채비빔밥|된장찌개|뿌링클치킨너겟|구운파래김|열무김치|델리만쥬,944,records_2025-02-24.json
2025-02-26,중식,한식B,경상도식소고기뭇국,가자미구이|소떡소떡볶음|연근땅콩조림|쌀밥|알타리김치,경상도식소고기뭇국|가자미구이|소떡소떡볶음|연근땅콩조림|쌀밥|알타리김치,904,records_2025-02-24.json
2025-02-26,중식,팝업A,훈제오리단호박찜,호두크림치즈김밥|오징어젓곤약면카펠리니|열대과일샐러드|유부장국,훈제오리단호박찜|호두크림치즈김밥|오징어젓곤약면카펠리니|열대과일샐러드|유부장국,650,records_2025-02-24.json
2025-02-26,중식,팝업B,츠케멘,타코야끼|후리가케밥|오렌지|락교&산고추,츠케멘|타코야끼|후리가케밥|오렌지|락교&산고추,1248,records_2025-02-24.json
2025-02-26,중식,양식,[아워테이블]탄두리치킨스테이크커리,갈릭버터치즈또띠아|감자고로케|팽이장국|야채피클,[아워테이블]탄두리치킨스테이크커리|갈릭버터치즈또띠아|감자고로케|팽이장국|야채피클,1298,records_2025-02-24.json
2025-02-26,중식,샐러드바,그린샐러드&2종드레싱,,그린샐러드&2종드레싱|쿠스쿠스&바나나칩|히비스커스티|현미밥/나트륨줄인배추김치,1298,records_2025-02-24.json
2025-02-26,중식,샐러드,치킨스테이크카펠리니샐러드,,치킨스테이크카펠리니샐러드,781,records_2025-02-24.json
2025-02-26,중식,비건,포두부비건라자냐,,포두부비건라자냐,400,records_2025-02-24.json
2025-02-26,중식,버거&델리,태국식랩,,태국식랩,724,records_2025-02-24.json
2025-02-26,중식,라이스&누들,그릴드치킨스테이크,,그릴드치킨스테이크,619,records_2025-02-24.json
2025-02-26,석식,한식B,바지락칼국수,물만두찜|간장고추지|비벼주는미니비빔밥|배추겉절이|청포도푸딩,바지락칼국수|물만두찜|간장고추지|비벼주는미니비빔밥|배추겉절이|청포도푸딩,1090,records_2025-02-24.json
2025-02-26,석식,샐러드바,그린샐러드&2종드레싱,,그린샐러드&2종드레싱|키위주스|현미밥/나트륨줄인배추김치,1090,records_2025-02-24.json
2025-02-26,석식,샐러드,치킨스테이크카펠리니샐러드,,치킨스테이크카펠리니샐러드,781,records_2025-02-24.json
2025-02-26,석식,버거&델리,태국식랩,,태국식랩,724,records_2025-02-24.json
2025-02-27,중식,한식A,콩나물불고기,온도토리묵국|두부간장조림|진미채볶음|쌀밥|열무김치,콩나물불고기|온도토리묵국|두부간장조림|진미채볶음|쌀밥|열무김치,947,records_2025-02-24.json
2025-02-27,중식,한식B,대파닭개장,온두부*참치김치볶음|감자전|미니새송이버섯볶음|쌀밥|열무김치,대파닭개장|온두부*참치김치볶음|감자전|미니새송이버섯볶음|쌀밥|열무김치,981,records_2025-02-24.json
2025-02-27,중식,팝업A,칠리닭살볶음,마늘종에그누들볶음면|토마토&블루베리바게트|구운두부샐러드|쌀국수육수,칠리닭살볶음|마늘종에그누들볶음면|토마토&블루베리바게트|구운두부샐러드|쌀국수육수,606,records_2025-02-24.json
2025-02-27,중식,팝업B,참치회덮밥,순대강정|미소장국|고구마튀김|깍두기,참치회덮밥|순대강정|미소장국|고구마튀김|깍두기,894,records_2025-02-24.json
2025-02-27,중식,양식,고사리오일파스타,치킨텐더샐러드|토마토스튜|아이스망고|피클&할라피뇨,고사리오일파스타|치킨텐더샐러드|토마토스튜|아이스망고|피클&할라피뇨,1283,records_2025-02-24.json
2025-02-27,중식,샐러드바,그린샐러드&2종드레싱,,그린샐러드&2종드레싱|후르트링&병아리콩|복숭아홍차|현미밥/나트륨줄인배추김치,1283,records_2025-02-24.json
2025-02-27,중식,샐러드,차돌박이포케,,차돌박이포케,682,records_2025-02-24.json
2025-02-27,중식,비건,순두부인헬,,순두부인헬,553,records_2025-02-24.json
2025-02-27,중식,버거&델리,치킨샌드위치,,치킨샌드위치,672,records_2025-02-24.json
2025-02-27,중식,라이스&누들,트러플크림닭가슴살도시락,,트러플크림닭가슴살도시락,624,records_2025-02-24.json
2025-02-27,석식,한식B,뼈다귀해장국,해물동그랑땡전|쑥갓두부무침|깻잎무침|쌀밥|깍두기,뼈다귀해장국|해물동그랑땡전|쑥갓두부무침|깻잎무침|쌀밥|깍두기,1113,records_2025-02-24.json
2025-02-27,석식,샐러드바,그린샐러드&2종드레싱,,그린샐러드&2종드레싱|청포도주스|현미밥/나트륨줄인배추김치,1113,records_2025-02-24.json
2025-02-27,석식,샐러드,차돌박이포케,,차돌박이포케,682,records_2025-02-24.json
2025-02-27,석식,버거&델리,치킨샌드위치,,치킨샌드위치,672,records_2025-02-24.json
2025-02-28,중식,한식A,닭갈비볶음밥*소시지토핑,계란파국|간장떡볶음|크림치즈볼|무말랭이오징어무침|배추김치,닭갈비볶음밥*소시지토핑|계란파국|간장떡볶음|크림치즈볼|무말랭이오징어무침|배추김치,1117,records_2025-02-24.json
2025-02-28,중식,한식B,황태해장국,매콤오돈불고기|볼어묵볶음|궁채장아찌|쌀밥|깍두기,황태해장국|매콤오돈불고기|볼어묵볶음|궁채장아찌|쌀밥|깍두기,809,records_2025-02-24.json
2025-02-28,중식,팝업A,떡갈비*새송이구이,피넛버터사과브레드|가지순두부그라탕|콥샐러드|크림스프,떡갈비*새송이구이|피넛버터사과브레드|가지순두부그라탕|콥샐러드|크림스프,656,records_2025-02-24.json
2025-02-28,중식,팝업B,어향육슬덮밥*꽃빵,점보야채춘권|고구마범벅|게살스프|단무지,어향육슬덮밥*꽃빵|점보야채춘권|고구마범벅|게살스프|단무지,1067,records_2025-02-24.json
2025-02-28,중식,양식,짜계치,아쿠아돈까스|탕파국|단무지|대파김치,짜계치|아쿠아돈까스|탕파국|단무지|대파김치,1099,records_2025-02-24.json
2025-02-28,중식,샐러드바,그린샐러드&2종드레싱,,그린샐러드&2종드레싱|해바라기씨&올리브|옥수수수염차|현미밥/나트륨줄인배추김치,1099,records_2025-02-24.json
2025-02-28,중식,샐러드,스파이시치킨아보카도샐러드,,스파이시치킨아보카도샐러드,472,records_2025-02-24.json
2025-02-28,중식,비건,두부유부초밥샐러드,,두부유부초밥샐러드,558,records_2025-02-24.json
2025-02-28,중식,버거&델리,고추장제육김밥&갈릭닭강정,,고추장제육김밥&갈릭닭강정,964,records_2025-02-24.json
2025-02-28,중식,라이스&누들,스팸마요덮밥,,스팸마요덮밥,727,records_2025-02-24.json
